specification,k,centroid_id,n,share_percent,z_bmi,z_triglycerides,z_ldl,z_hdl,z_age,z_waist_circumference
core6_operational_positive_weighted,2,K02-C02,291,39.6457765667575,0.9105387731054112,-0.006914007806335944,-0.4023622447576075,-0.2684088320035749,-0.1433136274632863,0.9202473760394884
core6_operational_positive_weighted,2,K02-C01,443,60.3542234332425,-0.5981191489247772,0.004541707159466591,0.26430567319292037,0.17631370228677296,0.09414055438333227,-0.6044965833577559
core6_operational_positive_weighted,3,K03-C03,268,36.51226158038147,0.9743483082310147,-0.14925355196222057,-0.40770737804008317,-0.20836191374373222,-0.12475370531126394,0.962912760533398
core6_operational_positive_weighted,3,K03-C01,289,39.3732970027248,-0.6967874428440965,-0.44444767157279197,-0.15473556025481836,0.5585657173708736,0.16133334210416675,-0.7574855184072794
core6_operational_positive_weighted,3,K03-C02,177,24.114441416893733,-0.3375919526777949,0.9516685254825534,0.8699669730417214,-0.5965225956884865,-0.07452736070443819,-0.22117121470758094
core6_operational_positive_weighted,4,K04-C01,229,31.19891008174387,-0.5823174050168543,-0.49262073595245515,-0.5682714299103337,0.5682282368943582,0.12531057547845204,-0.6630552495506161
core6_operational_positive_weighted,4,K04-C04,225,30.65395095367847,1.0958784513480326,-0.2518574601715035,-0.27640244402468495,-0.17356743505083475,-0.12849498763988154,1.0737141972847546
core6_operational_positive_weighted,4,K04-C03,77,10.490463215258854,-0.12433540779337451,2.0997741686137976,-0.34975792439937026,-0.8753009500610892,-0.1187895315561829,0.08240630212196257
core6_operational_positive_weighted,4,K04-C02,203,27.656675749318797,-0.5105819675091607,0.038401310780483214,1.0800791504126697,-0.1166178335353016,0.04611844514400893,-0.47335629312987526
core6_operational_positive_weighted,5,K05-C04,64,8.71934604904632,-0.095963617804593,2.3388817947371554,-0.37111870944431896,-0.8443045471190136,-0.2088401550131807,0.11762175421667868
core6_operational_positive_weighted,5,K05-C01,112,15.258855585831062,-0.9683632202868826,-0.5924198591451868,-0.11125884037126664,1.3426638826829862,0.25769443660220304,-1.0674276064614288
core6_operational_positive_weighted,5,K05-C03,213,29.01907356948229,-0.07887141695071806,-0.2961900227149146,-0.6790016496652646,-0.123637811233386,0.012058674828515846,-0.09840038082259682
core6_operational_positive_weighted,5,K05-C02,187,25.47683923705722,-0.4696601218147793,0.12656139813167083,1.1185931498706498,-0.25819242033719486,0.029529142372990005,-0.4177627015951972
core6_operational_positive_weighted,5,K05-C05,158,21.525885558583106,1.3874962455790492,-0.2779488433624224,-0.17934797544994946,-0.13750650284247354,-0.14928135658750807,1.3361076327046375
core6_operational_positive_weighted,6,K06-C03,162,22.070844686648503,-0.2778383785001148,-0.23777351897989102,-0.9542743880360632,-0.13921078856148322,0.04949951937965715,-0.28246531693680577
core6_operational_positive_weighted,6,K06-C01,112,15.258855585831062,-0.9722499776038926,-0.5903823295505248,0.040162830565314576,1.31699009438753,0.27980508075459093,-1.0769537707338177
core6_operational_positive_weighted,6,K06-C04,158,21.525885558583106,0.5580972818340599,-0.310686871617582,0.2276172752864114,0.08798529383216304,-0.11479994697264502,0.5196489638627332
core6_operational_positive_weighted,6,K06-C06,93,12.670299727520437,1.684304037971564,-0.21161048132789786,-0.5634074539898378,-0.35980521654413306,-0.1422704736941635,1.6563224577233557
core6_operational_positive_weighted,6,K06-C05,55,7.493188010899182,-0.06405930535233566,2.51254414668946,-0.22860382587665162,-0.8565380218522586,-0.23585534205028003,0.15829708207252866
core6_operational_positive_weighted,6,K06-C02,154,20.98092643051771,-0.5674972042734121,0.22870456750359264,1.1629921297892512,-0.3784476812301694,0.032366872103777734,-0.5095497448481673
core6_operational_positive_weighted,7,K07-C06,62,8.446866485013624,-0.1456293924089895,2.3726489182615937,-0.35537582201817813,-0.8258521430215314,-0.06504964336410354,0.09113516751383287
core6_operational_positive_weighted,7,K07-C03,133,18.11989100817439,-0.40940913321186456,-0.38269729542796127,-0.9512409318032495,-0.056903631764841256,0.379535723062993,-0.4348136514760725
core6_operational_positive_weighted,7,K07-C07,102,13.896457765667575,1.6535174749222872,-0.22264914050235163,-0.5144669982479667,-0.33613911762202253,-0.13843292735930252,1.5929432378668302
core6_operational_positive_weighted,7,K07-C01,76,10.354223433242508,-1.0539741643483986,-0.6640704299289018,-0.026674741080969382,1.7332086725432687,0.21149482750484527,-1.1703856753110118
core6_operational_positive_weighted,7,K07-C02,140,19.07356948228883,-0.6501600760292187,0.1520158345692673,1.2278434312812816,-0.24961194360206024,0.18561373666541867,-0.6391772491540767
core6_operational_positive_weighted,7,K07-C05,112,15.258855585831062,0.1109980209329809,-0.10622648777132018,0.035092394095596474,-0.3937608720316724,-1.2767842675735144,0.11879883773309455
core6_operational_positive_weighted,7,K07-C04,109,14.850136239782016,0.49095709536271054,-0.29734658572268985,0.24975073871852427,0.3704608857619501,0.6294981032711178,0.503011755753665
core6_operational_positive_weighted,8,K08-C01,68,9.264305177111716,-1.0868014243332147,-0.6981259813377207,0.015081794552003144,1.789174157743997,0.18082743251948996,-1.224641521703214
core6_operational_positive_weighted,8,K08-C04,106,14.441416893732969,0.49674364684234384,-0.3470467421456189,0.2914842759605868,0.40912098881404785,0.60650027765525,0.4865736499459672
core6_operational_positive_weighted,8,K08-C02,130,17.71117166212534,-0.6916439038220419,0.09089890290345029,1.26626528413853,-0.20626033109566075,0.21786126075228587,-0.6807925209816792
core6_operational_positive_weighted,8,K08-C06,76,10.354223433242508,-0.09858117417187727,1.513584007032643,-0.4074184250798008,-0.7509857646304573,0.2310452918080092,0.11164124788051931
core6_operational_positive_weighted,8,K08-C05,113,15.39509536784741,0.0999263471119895,-0.10712289775734085,0.07869080518839376,-0.37239837389245695,-1.300205896821663,0.10896162690069798
core6_operational_positive_weighted,8,K08-C03,129,17.574931880108995,-0.4327349868186581,-0.45872136404828046,-0.961700387858286,0.021674904805169797,0.37474373033604547,-0.4661855691012608
core6_operational_positive_weighted,8,K08-C07,11,1.4986376021798364,-0.43343385281191715,4.886056197179099,-0.04603458941989302,-0.7787538437438069,-0.7266312398909182,-0.1577685062000811
core6_operational_positive_weighted,8,K08-C08,101,13.760217983651227,1.6628955988136613,-0.24808312152169537,-0.49405853843815206,-0.3296105007462125,-0.15735081338306567,1.5968102733934124
core6_operational_positive_weighted,9,K09-C08,72,9.809264305177113,0.048137849068798935,1.411334178796818,-0.5181997794636415,-0.8396776990928676,0.24860450511733245,0.2442814153900773
core6_operational_positive_weighted,9,K09-C01,64,8.71934604904632,-1.0719300177845217,-0.6978862719736427,-0.021028118648783328,1.9018515155571987,0.13553312766026016,-1.2152747709303129
core6_operational_positive_weighted,9,K09-C04,101,13.760217983651227,-0.38631147518296255,-0.5020010010412879,-1.1764452719685297,0.07730137402012514,0.2717270335345601,-0.4498092022005156
core6_operational_positive_weighted,9,K09-C09,94,12.806539509536785,1.7325684121313902,-0.2794268251493753,-0.4851324262133523,-0.31508743151030705,-0.18513001745402438,1.6428826142896196
core6_operational_positive_weighted,9,K09-C05,102,13.896457765667575,0.5344156600730365,-0.38490574560929014,0.2406936219265184,0.4291386809811414,0.5850620326702046,0.5353908617937715
core6_operational_positive_weighted,9,K09-C03,47,6.4032697547683926,-0.40400150487806086,0.4031022373688859,2.105242742312415,-0.32553281294447306,-0.15615096043727775,-0.30891638630613155
core6_operational_positive_weighted,9,K09-C07,105,14.305177111716622,0.12124624996359984,-0.11354865761626415,0.01985035476844391,-0.37702072714309015,-1.3126035111003829,0.13620142441920544
core6_operational_positive_weighted,9,K09-C02,135,18.392370572207085,-0.7393397251044381,-0.07414060726899575,0.5692739730952304,-0.15185209498145638,0.4148437926334339,-0.7420841557716666
core6_operational_positive_weighted,9,K09-C06,14,1.9073569482288828,-0.5106211212054963,4.447361080641834,0.04615516457498141,-0.5597012110145012,-0.5095449154856556,-0.2158213693521931
core6_operational_positive_weighted,10,K10-C06,102,13.896457765667575,0.13547114807996352,-0.0949106838226278,0.14756389396934333,-0.35676655154663617,-1.325644455729869,0.13526190458923082
core6_operational_positive_weighted,10,K10-C03,103,14.032697547683922,-0.6199006082101431,-0.47233372402863366,-0.8555143322642077,0.07144963096539868,0.3633747289926937,-0.649426087957474
core6_operational_positive_weighted,10,K10-C10,65,8.85558583106267,2.0337987013732355,-0.2979662324552184,-0.27239589307500006,-0.25966951770354485,-0.36504335185589615,1.8608319053480646
core6_operational_positive_weighted,10,K10-C07,69,9.400544959128066,-0.09698178714369213,1.578733148071624,-0.36813757337763686,-0.8308686886632258,0.2038918691647259,0.10496106454381753
core6_operational_positive_weighted,10,K10-C04,38,5.177111716621254,-0.5179855034903579,0.4250427576177881,2.273071453705906,-0.31080718122337436,-0.02636915485031668,-0.395441144332116
core6_operational_positive_weighted,10,K10-C01,61,8.310626702997276,-1.0906278333764095,-0.6844140817575719,-0.004141147112714029,1.9546670456572086,0.1281115630861595,-1.231543474216864
core6_operational_positive_weighted,10,K10-C02,111,15.122615803814716,-0.7723467584152094,-0.08093699560797371,0.7234757787902968,-0.1305523595067072,0.32659598446086036,-0.8117802580524137
core6_operational_positive_weighted,10,K10-C05,90,12.26158038147139,0.5356240742448287,-0.305080751746437,0.4249116472099233,0.36817315404839457,0.6358847211376017,0.5186106139590819
core6_operational_positive_weighted,10,K10-C08,11,1.4986376021798364,-0.43343385281191704,4.886056197179099,-0.04603458941989302,-0.778753843743807,-0.7266312398909182,-0.1577685062000811
core6_operational_positive_weighted,10,K10-C09,84,11.444141689373296,0.6313140013895308,-0.27310986409601595,-1.0475226169842125,-0.16979359690138873,0.18030718206884555,0.7168667602134089
core6_operational_positive_weighted,11,K11-C04,95,12.942779291553133,-0.5334120915499949,-0.44487514090316005,-1.0003052892977846,-0.035072672372144946,0.40895451696680163,-0.5642265643016996
core6_operational_positive_weighted,11,K11-C03,36,4.904632152588556,-0.5139935261185077,0.3406501088314764,2.339528944787474,-0.25523373789548265,-0.04374734534201805,-0.413522735158473
core6_operational_positive_weighted,11,K11-C10,81,11.035422343324251,0.6815992274521746,-0.17250549278709726,-0.8035384495288884,-0.34874477168706425,0.4209583411397732,0.8309076670315243
core6_operational_positive_weighted,11,K11-C06,74,10.08174386920981,-0.08644405741183578,0.8126390464473903,0.6537105595509324,-0.8088232701503749,0.01202725251986126,0.09193973026611711
core6_operational_positive_weighted,11,K11-C11,68,9.264305177111716,2.0220778032010007,-0.29253773731794697,-0.22368966829472164,-0.2591300309701319,-0.4054948253567716,1.8086978693883289
core6_operational_positive_weighted,11,K11-C07,92,12.534059945504087,0.09483389536399772,-0.3296544742137163,-0.09766085165702271,-0.15088084511357278,-1.3178331591085994,0.061127696305949455
core6_operational_positive_weighted,11,K11-C09,11,1.4986376021798364,-0.43343385281191715,4.886056197179099,-0.04603458941989302,-0.7787538437438069,-0.7266312398909182,-0.1577685062000811
core6_operational_positive_weighted,11,K11-C02,101,13.760217983651227,-0.8916789988169617,-0.23829222023513483,0.7148138396886965,0.07660698515533616,0.27417890694551794,-0.9629363063421866
core6_operational_positive_weighted,11,K11-C08,45,6.130790190735695,-0.1088187279639226,1.6755791280067591,-0.8473889043673394,-0.8256510440241304,0.1378547452962609,0.034880995223223986
core6_operational_positive_weighted,11,K11-C05,74,10.08174386920981,0.5015740500164535,-0.43043756752116447,0.43534542333172166,0.8516294109596008,0.5943140541978812,0.4704530931414233
core6_operational_positive_weighted,11,K11-C01,57,7.7656675749318795,-1.109702740529628,-0.6871862627572307,-0.24665243302558115,1.8787044586729342,0.11700091670621929,-1.2565802691609986
core6_operational_positive_weighted,12,K12-C02,93,12.670299727520437,-0.9411397183758404,-0.1950181256322992,0.9687267801443336,0.11227467985530305,0.30241499751687145,-1.0277505612386673
core6_operational_positive_weighted,12,K12-C10,84,11.444141689373296,0.7534484354334122,-0.24063875753981545,-0.8616066130945489,-0.3092252276441934,0.2805421022263372,0.9032291923008302
core6_operational_positive_weighted,12,K12-C07,88,11.989100817438691,-0.1884986645644285,0.6316944035248774,0.8764915170333617,-0.6297206336384737,0.2301566343396837,-0.04161300892264708
core6_operational_positive_weighted,12,K12-C05,89,12.125340599455042,0.20338517756051502,-0.5315719649097354,0.1662711631507751,0.7806548770747436,0.6759831058086688,0.22700563097668688
core6_operational_positive_weighted,12,K12-C08,14,1.9073569482288828,-0.5106211212054963,4.447361080641834,0.04615516457498141,-0.5597012110145012,-0.5095449154856556,-0.2158213693521931
core6_operational_positive_weighted,12,K12-C11,61,8.310626702997276,1.0537224528689941,-0.13412521461782384,0.3432782077781341,-0.39422281544362575,-1.18721803527753,0.9538846201822719
core6_operational_positive_weighted,12,K12-C09,55,7.493188010899182,-0.027197441882491725,1.4888892783312788,-0.7284399102634072,-0.8616386236954359,0.0703167777035125,0.15885451697248046
core6_operational_positive_weighted,12,K12-C12,38,5.177111716621254,2.4743993042730326,-0.2718638560230898,-0.3741330717953356,-0.14101083039129195,0.012731773756011314,2.1602218398727264
core6_operational_positive_weighted,12,K12-C06,83,11.307901907356948,-0.24667625671115823,-0.3590017312775329,-0.18474129398471134,-0.08802173871595774,-1.106905258224385,-0.3146159116635972
core6_operational_positive_weighted,12,K12-C03,72,9.809264305177113,-0.6347620148630903,-0.5146595365721874,-1.2187394767646926,0.05159934173314444,0.5065620202285243,-0.6835767177309036
core6_operational_positive_weighted,12,K12-C04,9,1.226158038147139,-0.38495415367,0.44448865410017613,3.7341550566099366,-0.47342615007583966,-0.40144843296287047,-0.15479552006700537
core6_operational_positive_weighted,12,K12-C01,48,6.539509536784741,-1.193649573238385,-0.681586035216347,-0.1557403966737936,1.9573736918709506,0.04395820979578714,-1.3770644440277504
core6_operational_positive_weighted,13,K13-C09,58,7.901907356948229,0.23664524429682077,-0.620834865462862,-1.3099879062599644,0.24631322926539959,0.2010454414117749,0.18132491000846424
core6_operational_positive_weighted,13,K13-C12,58,7.901907356948229,1.0023921544695562,-0.20545986671659838,0.021613616270138983,-0.5142700498928523,-1.3445648284406617,0.9550926058741686
core6_operational_positive_weighted,13,K13-C03,6,0.8174386920980926,-0.5374644938368333,0.47890026503224514,4.346499889255891,-0.4110854608814519,-0.4977525719377153,-0.4450332913085201
core6_operational_positive_weighted,13,K13-C04,74,10.08174386920981,-0.7571003144888218,-0.4007740736024819,-0.6798516062095189,-0.1018040349288899,0.7248266131946784,-0.7711502845563852
core6_operational_positive_weighted,13,K13-C11,62,8.446866485013624,0.8006995145091071,0.47954292669651133,-0.7538139910579612,-0.6629619551265183,0.4382171474076666,1.0696491981806482
core6_operational_positive_weighted,13,K13-C13,40,5.449591280653951,2.3983153977060616,-0.46750959247052787,-0.37708799601548715,-0.06275686000781056,0.05737200058156905,2.070326660651833
core6_operational_positive_weighted,13,K13-C07,79,10.762942779291553,-0.14074842795999112,0.8256528402138205,0.8835648793436129,-0.7567211807186902,-0.02389441253346047,0.05363338750311787
core6_operational_positive_weighted,13,K13-C01,55,7.493188010899182,-1.1430580736988147,-0.7307090214440157,-0.15116443252095713,1.879934867012297,0.11534208943201144,-1.2996181552611286
core6_operational_positive_weighted,13,K13-C08,80,10.899182561307901,0.5095937180784919,-0.421461423631167,0.3982739299584044,0.7078325028309416,0.6300376841284149,0.49461149308588387
core6_operational_positive_weighted,13,K13-C02,97,13.215258855585832,-0.864441648693818,-0.15777988753021976,1.0783002453835755,0.0441783093048821,0.2838852924074542,-0.912587081498586
core6_operational_positive_weighted,13,K13-C10,11,1.4986376021798364,-0.43343385281191715,4.886056197179099,-0.04603458941989302,-0.7787538437438069,-0.7266312398909182,-0.1577685062000811
core6_operational_positive_weighted,13,K13-C05,78,10.626702997275205,-0.25418248114387354,-0.3518545365383129,-0.13472586044265425,-0.030747313825307585,-1.1263751933779118,-0.3203536853526581
core6_operational_positive_weighted,13,K13-C06,36,4.904632152588556,-0.4590354569893459,1.7044365841918978,-0.7264974069620607,-0.6779815364949244,-0.009353009993859159,-0.3441995116283693
core6_operational_positive_weighted,14,K14-C14,36,4.904632152588556,2.4878107750493963,-0.4088589257678873,-0.3586602885225118,-0.085744989148241,0.004404724145404425,2.152117844777522
core6_operational_positive_weighted,14,K14-C01,47,6.4032697547683926,-1.2044152003165032,-0.7286659743610898,-0.15038554500558066,1.9485759450082454,0.04933689840874391,-1.4014176283093278
core6_operational_positive_weighted,14,K14-C07,74,10.08174386920981,0.334000869535063,-0.5740558697611227,0.28046663662033255,1.0004256843239079,0.5307310126353388,0.32171590260701566
core6_operational_positive_weighted,14,K14-C10,74,10.08174386920981,0.6590508678832963,-0.39548751032984536,-0.9958880493638398,-0.14445264831356394,0.3868325501516901,0.742323133332728
core6_operational_positive_weighted,14,K14-C08,28,3.8147138964577656,-0.6477494130640615,2.5619670290479446,-0.41848119555918567,-0.5121107741741427,-0.11155332074267417,-0.5202206415043853
core6_operational_positive_weighted,14,K14-C06,75,10.217983651226158,-0.2422724086102214,-0.33459021740186756,-0.23292165871830253,-0.12681191815504395,-1.1828877320730404,-0.30931647433361464
core6_operational_positive_weighted,14,K14-C09,88,11.989100817438691,-0.17928597778800112,0.4147283733539011,0.24142982530957907,-0.5890752127006555,0.6691534236925482,-0.034714752035744895
core6_operational_positive_weighted,14,K14-C02,82,11.1716621253406,-1.0041466318205363,-0.19625642493661688,0.9383271301868419,0.1026550357418103,0.3589180440998421,-1.114020885120871
core6_operational_positive_weighted,14,K14-C04,72,9.809264305177113,-0.6896861173240633,-0.48462484106568854,-1.1230157822000149,0.07010673383772827,0.5271986214374195,-0.7220706944331232
core6_operational_positive_weighted,14,K14-C13,37,5.040871934604905,0.6683210142446078,1.3875528023466095,-0.7429891296211437,-0.9633060252993053,-0.3493921416251165,0.9852743548630253
core6_operational_positive_weighted,14,K14-C05,55,7.493188010899182,-0.21615339943991216,0.4101099729393339,1.522465123275447,-0.4140608119566387,-0.5375249306312228,-0.06233565132835124
core6_operational_positive_weighted,14,K14-C12,59,8.038147138964577,1.1125867360288813,-0.24583097715795868,0.19853389016108575,-0.4380293180756365,-0.997927821577043,1.0247587736787973
core6_operational_positive_weighted,14,K14-C03,3,0.4087193460490463,-0.25968508139042734,0.6763142435372729,5.667271764822459,-0.4110854608814519,-0.12629375017759933,-0.17523479973190068
core6_operational_positive_weighted,14,K14-C11,4,0.544959128065395,-0.015125070432476505,6.78528075268827,-0.04603458941989302,-1.03059605975068,-0.7660283876533547,0.2120895499178672
core6_operational_positive_weighted,15,K15-C14,52,7.084468664850137,1.0053015752895735,-0.12267599409599052,0.06962809424598405,-0.6003553898538359,-1.518470616346923,0.9693648615022419
core6_operational_positive_weighted,15,K15-C05,80,10.899182561307901,-0.43318512416440874,-0.31741157899709516,-0.1334765710840314,0.07575635879596967,0.7321888601124468,-0.4103631631769413
core6_operational_positive_weighted,15,K15-C08,77,10.490463215258854,-0.14842615692475192,-0.3884463878180943,-0.24617016445603865,0.012750263706365887,-1.1415073265320868,-0.2562752163772588
core6_operational_positive_weighted,15,K15-C11,70,9.536784741144414,0.7571430384560984,-0.370678424114687,-0.8952866032206763,-0.21404435396347646,0.48454964560570246,0.8789648474415045
core6_operational_positive_weighted,15,K15-C06,41,5.5858310626703,-0.4453717433689887,0.1047016049480898,1.701703263876107,-0.26511701788971487,-0.7161985457099245,-0.32548843121969284
core6_operational_positive_weighted,15,K15-C01,49,6.67574931880109,-1.0840020489376758,-0.7779182167326787,-0.116625601050254,2.1275482677155155,0.12976856686338764,-1.2379522038595336
core6_operational_positive_weighted,15,K15-C07,28,3.8147138964577656,-0.6477494130640615,2.5619670290479446,-0.41848119555918567,-0.5121107741741427,-0.11155332074267417,-0.5202206415043853
core6_operational_positive_weighted,15,K15-C02,71,9.673024523160763,-1.0660786611843132,-0.21425518630734905,0.8879644787997278,0.1552489691239013,0.3875866855593999,-1.1751186033950163
core6_operational_positive_weighted,15,K15-C04,56,7.629427792915531,-0.6078555612765459,-0.47492231918634575,-1.420122872713496,0.1090696645842206,0.3041267893222176,-0.6804134958780031
core6_operational_positive_weighted,15,K15-C09,63,8.583106267029974,-0.22401037503005336,0.676659222092983,0.7242620217372799,-0.7628650641926398,0.4318771777582363,-0.0775155769530675
core6_operational_positive_weighted,15,K15-C13,4,0.544959128065395,-0.015125070432476505,6.78528075268827,-0.04603458941989302,-1.03059605975068,-0.7660283876533547,0.2120895499178672
core6_operational_positive_weighted,15,K15-C15,33,4.4959128065395095,2.576025300214128,-0.32870237430650484,-0.361267675504185,-0.14967961641862162,-0.02123468947776858,2.2241508212935024
core6_operational_positive_weighted,15,K15-C12,44,5.994550408719346,0.48302699734266774,1.2595004919649697,-0.6391499430760078,-0.8552628713914643,0.03879905949356329,0.8089629690411422
core6_operational_positive_weighted,15,K15-C10,63,8.583106267029974,0.77369742205499,-0.39432670410860504,0.4829297323906976,0.6186491374187024,0.49476967668058397,0.734994454678108
core6_operational_positive_weighted,15,K15-C03,3,0.4087193460490463,-0.25968508139042734,0.6763142435372729,5.667271764822459,-0.4110854608814519,-0.12629375017759933,-0.17523479973190068
core6_operational_positive_weighted,16,K16-C05,50,6.811989100817439,-0.5113373326661589,-0.02582751047033413,1.665376003740956,-0.08660217362466385,-0.1642650964019668,-0.4344457444421043
core6_operational_positive_weighted,16,K16-C14,53,7.220708446866484,1.0569245021309333,-0.17328006728010642,0.1098182777110645,-0.5482643830945739,-1.4049842854608499,0.9797773247277546
core6_operational_positive_weighted,16,K16-C08,73,9.945504087193461,-0.30357187787740214,0.779276165215778,0.7092646992000315,-0.7428574848817208,0.2762613199794822,-0.1619072694298594
core6_operational_positive_weighted,16,K16-C10,50,6.811989100817439,0.2195791720838688,-0.6426284693664099,-1.4007077105221757,0.34541880249244306,0.17747701961733997,0.14243248481990362
core6_operational_positive_weighted,16,K16-C13,64,8.71934604904632,0.671400735328546,0.049887089267305215,-0.5836737109987513,-0.4837756785553767,0.6462890075804197,0.8164535005092431
core6_operational_positive_weighted,16,K16-C01,37,5.040871934604905,-1.1139926872367827,-0.6333828575984878,-0.56229721179119,2.2116463044486507,0.21281580482262663,-1.1961491983452304
core6_operational_positive_weighted,16,K16-C06,73,9.945504087193461,-0.28380606877258147,-0.3886841781426092,0.11980593790348928,0.334120620053515,0.7240472968957864,-0.27874715167863806
core6_operational_positive_weighted,16,K16-C04,45,6.130790190735695,-0.8554604414185466,-0.42872106611288874,-0.9781754353680681,-0.3456277372273448,0.5450836758184622,-0.9109126058037029
core6_operational_positive_weighted,16,K16-C12,9,1.226158038147139,-0.31321655045566776,5.222269161405344,-0.04603458941989302,-0.7227889068533905,-0.6766031157481416,-0.031478532755469836
core6_operational_positive_weighted,16,K16-C07,71,9.673024523160763,-0.18984769797954784,-0.35368725847539173,-0.18600720182337843,-0.06700436823285068,-1.202884889300815,-0.2511192239525547
core6_operational_positive_weighted,16,K16-C02,64,8.71934604904632,-1.212399174078495,-0.38393692026280885,0.6359967343534375,0.44220272246673004,0.1200556767535887,-1.388880902584018
core6_operational_positive_weighted,16,K16-C16,38,5.177111716621254,2.42268773353495,-0.424857306288937,-0.41217347554901007,-0.12809154282798138,0.012731773756011242,2.126658391159846
core6_operational_positive_weighted,16,K16-C03,4,0.544959128065395,-0.5317580935811477,0.6699752625761023,5.077871937615228,-0.6448630453604058,0.03879905949356333,-0.4746702468226184
core6_operational_positive_weighted,16,K16-C11,50,6.811989100817439,0.7237151786725887,-0.47223666113014373,0.5678016685795789,0.9485649704481443,0.4597857241550281,0.7662801787518413
core6_operational_positive_weighted,16,K16-C15,24,3.2697547683923704,0.8833782198265784,1.5311711045865672,-0.6365099637570637,-0.9692294438249546,-0.4977525719377153,1.2703332545678268
core6_operational_positive_weighted,16,K16-C09,29,3.9509536784741144,-0.5254121829519802,1.9531036698443869,-0.7670220448004973,-0.7972215400725517,-0.029515206577262625,-0.4441170477373351
core6_operational_positive_weighted,17,K17-C06,73,9.945504087193461,-0.2840405783721303,-0.3432816921976298,0.11662349708065255,0.1890504203699997,0.7681474309860288,-0.23456470878657654
core6_operational_positive_weighted,17,K17-C15,46,6.267029972752043,1.068754265089207,-0.2698869394369647,0.006713982865869911,-0.5533848601295107,-1.4739535334715466,1.0468119581455304
core6_operational_positive_weighted,17,K17-C08,35,4.768392370572207,-0.4315408948050217,1.6469804057384028,-0.7665897066438315,-0.6007792722872317,0.2510612433564867,-0.35159658426899815
core6_operational_positive_weighted,17,K17-C09,42,5.722070844686648,-0.10316667437733892,0.942033976072874,0.9778862782831786,-0.7266851999280398,0.8347822489795262,0.10200942943693042
core6_operational_positive_weighted,17,K17-C05,45,6.130790190735695,-0.5429942674179381,-0.04282805369572125,1.725893455585591,-0.04795094632414347,-0.21434324866888613,-0.5052610353877452
core6_operational_positive_weighted,17,K17-C16,24,3.2697547683923704,0.9617393233376885,1.2567837858387536,-1.0323113075750576,-0.9166294873171899,-0.07470224715536104,1.281319367387708
core6_operational_positive_weighted,17,K17-C12,43,5.858310626702997,-0.07094731479415771,0.6979636535973506,0.43661093195978445,-0.8307977753413415,-0.9344806440329422,0.061005246627471685
core6_operational_positive_weighted,17,K17-C13,11,1.4986376021798364,-0.43343385281191715,4.886056197179099,-0.04603458941989302,-0.7787538437438069,-0.7266312398909182,-0.1577685062000811
core6_operational_positive_weighted,17,K17-C01,41,5.5858310626703,-1.1585325948356378,-0.7611987769394811,-0.16565641655470573,2.1741525099175174,0.05691900201844703,-1.328408988044975
core6_operational_positive_weighted,17,K17-C17,33,4.4959128065395095,2.5767663911564247,-0.39950138244425465,-0.4324493401038637,-0.1560553687225931,-0.07376421982768398,2.188474987696594
core6_operational_positive_weighted,17,K17-C14,69,9.400544959128066,0.8731594215426199,-0.21539532670242972,-0.27461173599153244,-0.32265654849158676,0.6489246604522081,0.9633219440360989
core6_operational_positive_weighted,17,K17-C04,3,0.4087193460490463,-0.25968508139042734,0.6763142435372729,5.667271764822459,-0.4110854608814519,-0.12629375017759933,-0.17523479973190068
core6_operational_positive_weighted,17,K17-C03,50,6.811989100817439,-0.9041007102646279,-0.45484974192236144,-1.0501653899320653,-0.02488489132222,0.509313567056377,-0.9280543483493283
core6_operational_positive_weighted,17,K17-C02,63,8.583106267029974,-1.153668378589813,-0.225114722532867,0.6705870983002643,0.0943194122301914,0.2549920245391334,-1.2919981086605192
core6_operational_positive_weighted,17,K17-C11,51,6.948228882833788,0.26125171842167044,-0.612150222755121,-1.3665533950735338,0.27512050767735996,0.21845888178276973,0.1642977048190676
core6_operational_positive_weighted,17,K17-C10,36,4.904632152588556,0.6143112577705494,-0.5431849508974551,0.6208046311430321,1.441601896114258,0.2933171410699391,0.6436990055082417
core6_operational_positive_weighted,17,K17-C07,69,9.400544959128066,-0.20832747908925778,-0.38847706772917523,-0.19717234263583788,0.007681342619978638,-1.159918297684009,-0.28063038965610054
core6_operational_positive_weighted,18,K18-C10,31,4.223433242506812,0.5552914325454149,-0.6208106901024508,0.5010372539638843,1.6107135842413725,0.3343684445499998,0.6095676062398734
core6_operational_positive_weighted,18,K18-C12,66,8.991825613079019,-0.17312565933015878,0.839975206534769,0.6411422496000831,-0.7755659675918212,0.29019038331101554,0.04681010208219018
core6_operational_positive_weighted,18,K18-C17,45,6.130790190735695,0.9877883611715291,-0.08484644178119502,-0.05463896645941464,-0.5856393906257377,-1.6231352245294741,0.9887140462516764
core6_operational_positive_weighted,18,K18-C18,32,4.35967302452316,2.5954766215402247,-0.27747599894172026,-0.5526172876217281,-0.1539301179546026,-0.10823672411981597,2.2024282800360098
core6_operational_positive_weighted,18,K18-C01,31,4.223433242506812,-1.2769758366493875,-0.711601256126959,0.4985392090169265,1.6785844958642946,0.14264776235123017,-1.4708873310056414
core6_operational_positive_weighted,18,K18-C11,20,2.7247956403269753,-0.6134411372411034,2.902021015875151,-0.19833206301942555,-0.6448630453604058,-0.35742368371722716,-0.48999970657129016
core6_operational_positive_weighted,18,K18-C15,37,5.040871934604905,1.2565539378987385,-0.23189774683770484,0.41092759659794403,-0.33210654720612964,0.4805338745596473,1.1533183784863008
core6_operational_positive_weighted,18,K18-C06,70,9.536784741144414,-0.24623428078774015,-0.3933435152248317,0.11769441367500397,0.26286191837358963,0.7251134539836825,-0.21993842425612198
core6_operational_positive_weighted,18,K18-C08,70,9.536784741144414,-0.19340931842082282,-0.3466161698539169,-0.19980709908334354,-0.06977018754217916,-1.1710953885251,-0.2788035496910208
core6_operational_positive_weighted,18,K18-C02,28,3.8147138964577656,-1.0880884470799577,-0.5987264983667596,-0.9126182769717126,2.1028584922118707,0.15377440908598014,-1.1373408925294772
core6_operational_positive_weighted,18,K18-C09,39,5.313351498637602,-0.02346519388309389,-0.5808937607177522,-1.5504768210224025,0.35138912234221326,0.16579352847138076,-0.11957706895210865
core6_operational_positive_weighted,18,K18-C03,62,8.446866485013624,-1.019063637996394,-0.09376970161655103,1.135957011315681,-0.009138839825702075,0.3463509871874228,-1.1214745484762438
core6_operational_positive_weighted,18,K18-C16,4,0.544959128065395,-0.015125070432476505,6.78528075268827,-0.04603458941989302,-1.03059605975068,-0.7660283876533547,0.2120895499178672
core6_operational_positive_weighted,18,K18-C04,52,7.084468664850137,-0.9552701894804453,-0.2984259827227319,-0.7097299029876083,-0.2726171993054562,0.4769299774670335,-1.0462232576057802
core6_operational_positive_weighted,18,K18-C05,3,0.4087193460490463,-0.25968508139042734,0.6763142435372729,5.667271764822459,-0.4110854608814519,-0.12629375017759933,-0.17523479973190068
core6_operational_positive_weighted,18,K18-C07,41,5.5858310626703,-0.1750434580857123,0.07528166543492164,1.5852293795606318,-0.2976178040245938,-0.7282785073931803,-0.024133685916539804
core6_operational_positive_weighted,18,K18-C13,43,5.858310626702997,0.23586175011576466,1.2337233733720365,-0.936287460322955,-0.8112256985012428,0.24612491349920942,0.45458021319801567
core6_operational_positive_weighted,18,K18-C14,60,8.174386920980927,0.749267623817512,-0.3942490839335703,-0.7950456107102495,-0.22055672953110447,0.4804223253639234,0.8707453371191214
core6_operational_positive_weighted,19,K19-C07,66,8.991825613079019,-0.00789943374508257,-0.5371478261725308,0.0470491258258408,0.7089216938495367,0.620376002653341,-0.009490822812930776
core6_operational_positive_weighted,19,K19-C08,37,5.040871934604905,-0.07623202452183488,0.09028891483353066,1.6367024986335772,-0.08569233653912414,-0.11513883060522352,0.11025222001993565
core6_operational_positive_weighted,19,K19-C14,60,8.174386920980927,0.7293156029235258,-0.4467720690404126,-0.979179279356012,-0.1118501527483909,0.3318387966598771,0.8402908104184272
core6_operational_positive_weighted,19,K19-C09,66,8.991825613079019,-0.2333022438446606,-0.3285377254503705,-0.21264661754881153,-0.13374023565869292,-1.2219096689044062,-0.30130799293764204
core6_operational_positive_weighted,19,K19-C01,29,3.9509536784741144,-0.9847211828424905,-0.7643518925443407,0.5610190458511835,2.2886425750496406,0.11565260882324246,-1.113961578548252
core6_operational_positive_weighted,19,K19-C17,4,0.544959128065395,-0.015125070432476505,6.78528075268827,-0.04603458941989302,-1.03059605975068,-0.7660283876533547,0.2120895499178672
core6_operational_positive_weighted,19,K19-C04,50,6.811989100817439,-0.935600039676012,-0.1123274335290509,1.2781790369624835,0.1350189764613845,0.3607300383523305,-1.0423508002354234
core6_operational_positive_weighted,19,K19-C13,24,3.2697547683923704,-0.011864270286370633,1.2327862150571791,0.8004210018430455,-0.9516961249890329,-1.2406702154579472,0.19650459917338436
core6_operational_positive_weighted,19,K19-C02,27,3.6784741144414173,-1.1486607212225786,-0.6196551974131643,-0.9992083570202317,1.9266903839080876,0.19472004640521695,-1.2046931855204661
core6_operational_positive_weighted,19,K19-C16,47,6.4032697547683926,0.9354328615206822,-0.2902936496542392,0.10170439506721211,-0.35388456255149514,-1.4733808248348523,0.9761489628378243
core6_operational_positive_weighted,19,K19-C05,5,0.6811989100817438,-0.5905747762165349,0.5683704534556246,4.646792647935196,-0.6027830801541942,-0.30789584081587834,-0.5942400328622566
core6_operational_positive_weighted,19,K19-C06,55,7.493188010899182,-0.47687660384935665,-0.45943356607714037,-1.3357524860347325,-0.11950105551315665,0.38999649097585487,-0.5591216341652999
core6_operational_positive_weighted,19,K19-C10,72,9.809264305177113,-0.1568679767835223,0.5004829859238498,0.3752213698066859,-0.6253815799871597,0.6372604945515281,-0.017171036990043007
core6_operational_positive_weighted,19,K19-C18,26,3.5422343324250685,1.0599983623557458,1.1261729143860624,-1.0398401374846395,-0.9092115447327617,-0.18979098466650812,1.381609409820363
core6_operational_positive_weighted,19,K19-C15,43,5.858310626702997,1.0900018069916961,-0.3310993553283671,0.29553916886995335,0.0026464967661851617,0.6665356730106587,1.0403794750356226
core6_operational_positive_weighted,19,K19-C11,11,1.4986376021798364,-0.644644771366511,3.443732217442617,0.054871286770860464,-0.4599662285452331,-0.34391609019867747,-0.3868742500802269
core6_operational_positive_weighted,19,K19-C19,30,4.087193460490464,2.669247129845645,-0.41254157185009127,-0.29814283667787633,0.002700863646296567,-0.06851126679269245,2.193882106226125
core6_operational_positive_weighted,19,K19-C12,29,3.9509536784741144,-0.4052826189486695,1.5881282537155097,-0.9129997518158295,-0.8987938698806491,0.0217204929758568,-0.33628222743633523
core6_operational_positive_weighted,19,K19-C03,53,7.220708446866484,-1.084452182496543,-0.34304857086552754,0.08449218680228394,-0.008370489882801068,0.2864382740003073,-1.2450189844568038
core6_operational_positive_weighted,20,K20-C02,28,3.8147138964577656,-1.1374371635768301,-0.5971740948660648,-0.879429965533558,2.2381155232318366,0.1360858937640699,-1.1881471019822174
core6_operational_positive_weighted,20,K20-C08,60,8.174386920980927,-0.13968763601372625,-0.2669261234849148,0.005161453965260598,0.06231414768842982,0.8766450685747139,-0.0781482213236476
core6_operational_positive_weighted,20,K20-C06,48,6.539509536784741,-0.621990547624175,-0.26389246831064034,-0.3724631433567442,-0.1948411952384195,-1.1426463597156944,-0.6478931419826068
core6_operational_positive_weighted,20,K20-C18,20,2.7247956403269753,0.9764434939965353,1.515957550279758,-0.8552762499869009,-0.9674761119413625,-0.12216642993582033,1.3939908965404437
core6_operational_positive_weighted,20,K20-C11,60,8.174386920980927,-0.2058818789796782,0.768863365570364,0.6646869540445922,-0.8073384665732789,0.38136663956122585,-0.023166559025078998
core6_operational_positive_weighted,20,K20-C17,48,6.539509536784741,1.089827629076915,-0.34562004427430426,-0.7903132033385125,-0.26643558048509913,0.4876451357870368,1.2360974611291267
core6_operational_positive_weighted,20,K20-C03,66,8.991825613079019,-0.9787841499745903,-0.10807290708654052,1.1006942051199873,0.004401064260688963,0.3727367881465969,-1.0857118029863326
core6_operational_positive_weighted,20,K20-C10,18,2.452316076294278,-0.6092700303875427,2.968610501591066,-0.07041365769853757,-0.5396631323448765,-0.44272163538066117,-0.4739889375004553
core6_operational_positive_weighted,20,K20-C19,25,3.4059945504087197,1.2694997551274478,-0.14666659896442086,-0.08423802347536898,-0.6645003624566379,-1.7342977163747235,1.613937985014383
core6_operational_positive_weighted,20,K20-C01,36,4.904632152588556,-1.2309279915753784,-0.6530606208910792,0.3899205139158687,1.4006908188304412,0.07319339484172221,-1.4303768984870195
core6_operational_positive_weighted,20,K20-C14,60,8.174386920980927,0.5310589540402803,-0.2167576170207931,-0.12132288851570709,-0.3806943748991879,-1.1911423725565986,0.33022858638096264
core6_operational_positive_weighted,20,K20-C20,23,3.1335149863760217,2.8578170756861643,-0.42107754124376695,-0.2031579962285486,0.08086389080469462,0.12493443845243081,2.205585815495111
core6_operational_positive_weighted,20,K20-C12,46,6.267029972752043,0.15808721558948075,-0.5840799088167257,-1.4511667703087268,0.27906662547163386,0.1895359726715814,0.08132259327919938
core6_operational_positive_weighted,20,K20-C16,4,0.544959128065395,-0.015125070432476505,6.78528075268827,-0.04603458941989302,-1.03059605975068,-0.7660283876533547,0.2120895499178672
core6_operational_positive_weighted,20,K20-C13,29,3.9509536784741144,-0.2955679381706371,1.3067149708481713,-0.8756152170923905,-0.787547984852733,0.43160608940081246,-0.18129610335666277
core6_operational_positive_weighted,20,K20-C07,42,5.722070844686648,0.1378122792772991,-0.6848848926553235,0.25388941024343176,1.4891923329546164,0.19799569739075587,0.18683244004624638
core6_operational_positive_weighted,20,K20-C15,40,5.449591280653951,1.0281985063155117,-0.2681033628062751,0.6096189409916539,-0.04171687740470471,0.5155045474190456,0.9324208635079435
core6_operational_positive_weighted,20,K20-C09,38,5.177111716621254,-0.26731149225845824,0.16967238175348598,1.582909842746383,-0.36617555649470546,-0.9191736913614728,-0.08401106733278861
core6_operational_positive_weighted,20,K20-C05,3,0.4087193460490463,-0.25968508139042734,0.6763142435372729,5.667271764822459,-0.4110854608814519,-0.12629375017759933,-0.17523479973190068
core6_operational_positive_weighted,20,K20-C04,40,5.449591280653951,-0.8368161372498217,-0.45120935571323206,-0.8468869823733673,-0.28718334110760635,0.8869633691791615,-0.9183048119491733
