specification,k,centroid_id,n,share_percent,cycle_counts,centroid_bmi,member_median_bmi,member_q1_bmi,member_q3_bmi,missing_percent_bmi,centroid_triglycerides,member_median_triglycerides,member_q1_triglycerides,member_q3_triglycerides,missing_percent_triglycerides,centroid_ldl,member_median_ldl,member_q1_ldl,member_q3_ldl,missing_percent_ldl,centroid_hdl,member_median_hdl,member_q1_hdl,member_q3_hdl,missing_percent_hdl,centroid_age,member_median_age,member_q1_age,member_q3_age,missing_percent_age,centroid_waist_circumference,member_median_waist_circumference,member_q1_waist_circumference,member_q3_waist_circumference,missing_percent_waist_circumference,centroid_fasting_insulin,member_median_fasting_insulin,member_q1_fasting_insulin,member_q3_fasting_insulin,missing_percent_fasting_insulin,centroid_crp,member_median_crp,member_q1_crp,member_q3_crp,missing_percent_crp
expanded8_recent_equal,2,K02-C02,364,50.0,"{""2015-2016"": 110, ""2017-2018"": 121, ""2021-2023"": 133}",36.51593406593406,35.6,31.4,40.3,0.8241758241758242,136.58855789338145,135.0,97.0,190.0,1.6483516483516485,125.20879120879121,123.0,99.0,150.0,4.1208791208791204,50.997252747252745,49.0,43.0,57.0,1.098901098901099,54.620879120879124,55.0,52.0,58.0,0.0,113.5021978021978,112.5,103.8,122.05,3.571428571428571,16.21427554051605,15.41,10.9475,22.4975,1.6483516483516485,5.738542977430668,5.455,3.04,9.6625,1.098901098901099
expanded8_recent_equal,2,K02-C01,364,50.0,"{""2015-2016"": 119, ""2017-2018"": 113, ""2021-2023"": 132}",25.90879120879121,25.5,22.575000000000003,28.7,1.098901098901099,80.8578947176821,80.0,60.75,105.0,5.4945054945054945,123.18406593406594,124.0,99.5,148.5,5.769230769230769,67.63461538461539,65.5,55.0,78.0,3.8461538461538463,54.95054945054945,56.0,52.0,58.0,0.0,89.83681318681319,89.2,82.3,96.9,0.8241758241758242,6.693320043358792,6.735,4.59,9.4275,4.395604395604396,1.7285190161480366,1.26,0.6,2.73,3.296703296703297
expanded8_recent_equal,3,K03-C03,189,25.961538461538463,"{""2015-2016"": 61, ""2017-2018"": 64, ""2021-2023"": 64}",41.15873015873016,39.8,36.8,43.6,0.0,115.84191910007884,113.0,80.0,158.75,1.5873015873015872,114.26455026455027,115.0,92.0,134.0,2.1164021164021163,51.164021164021165,48.0,42.0,58.0,1.0582010582010581,53.52910052910053,54.0,50.0,57.0,0.0,121.27513227513228,121.6,114.07499999999999,128.425,4.761904761904762,20.12194299015835,19.03,13.4525,28.0075,1.5873015873015872,7.9370883854519,7.295,4.430000000000001,13.425,0.5291005291005291
expanded8_recent_equal,3,K03-C02,315,43.269230769230774,"{""2015-2016"": 96, ""2017-2018"": 105, ""2021-2023"": 114}",29.758412698412698,29.75,27.1,32.775,1.5873015873015872,135.979689750874,131.0,99.0,183.0,5.714285714285714,135.18412698412698,135.0,112.0,158.0,8.571428571428571,53.250793650793646,52.0,46.0,60.0,5.079365079365079,55.698412698412696,56.0,54.0,59.0,0.0,100.1647619047619,101.1,93.8,106.5,1.9047619047619049,10.856516130430485,10.84,8.19,14.63,5.714285714285714,3.3303998149541867,3.1,1.62,5.4,4.444444444444445
expanded8_recent_equal,3,K03-C01,224,30.76923076923077,"{""2015-2016"": 72, ""2017-2018"": 65, ""2021-2023"": 87}",24.864732142857143,24.15,21.8,27.275,0.8928571428571428,67.34559952840016,67.0,52.0,88.5,2.232142857142857,117.125,119.0,93.0,140.5,2.232142857142857,74.72321428571428,72.0,62.0,84.0,0.0,54.5625,55.0,51.0,58.0,0.0,87.24330357142857,86.0,80.25,93.05,0.4464285714285714,5.610857211807243,5.71,3.955,7.705,0.4464285714285714,1.2756839222385512,0.94,0.5,1.9449999999999998,0.4464285714285714
expanded8_recent_equal,4,K04-C03,186,25.549450549450547,"{""2015-2016"": 57, ""2017-2018"": 59, ""2021-2023"": 70}",32.344086021505376,32.3,29.475,35.6,1.0752688172043012,190.07567147847828,183.0,142.0,240.0,0.5376344086021506,139.75806451612902,138.5,108.0,164.25,5.376344086021505,47.33870967741935,47.0,40.0,53.0,0.0,55.516129032258064,55.5,54.0,59.0,0.0,106.59408602150538,105.9,101.69999999999999,113.45,1.6129032258064515,15.007778001768317,14.54,10.82,19.89,0.5376344086021506,4.24387373080352,3.96,2.495,6.7375,0.0
expanded8_recent_equal,4,K04-C01,119,16.346153846153847,"{""2015-2016"": 44, ""2017-2018"": 35, ""2021-2023"": 40}",23.284033613445377,22.5,20.5,25.15,0.8403361344537815,59.3807215179943,60.0,46.5,72.0,3.361344537815126,110.19327731092437,109.0,87.0,133.0,3.361344537815126,84.02521008403362,82.0,72.5,94.0,0.0,55.05042016806723,56.0,52.0,59.0,0.0,83.8781512605042,82.8,77.4,88.9,0.0,4.610945876456229,4.56,3.085,6.734999999999999,0.0,1.072489782184018,0.675,0.43,1.745,0.8403361344537815
expanded8_recent_equal,4,K04-C02,277,38.04945054945055,"{""2015-2016"": 80, ""2017-2018"": 89, ""2021-2023"": 108}",27.825270758122745,27.7,24.6,30.8,1.444043321299639,92.75532904589159,93.0,73.5,115.5,6.4981949458483745,126.78339350180505,127.0,109.0,151.75,6.859205776173286,59.707581227436826,59.0,52.0,67.0,5.776173285198556,54.91696750902527,55.0,52.0,58.0,0.0,94.56931407942238,94.05,86.925,101.325,1.8050541516245486,8.44660438190465,8.33,6.1,11.14,6.4981949458483745,2.3004240476284883,1.75,0.955,3.605,5.054151624548736
expanded8_recent_equal,4,K04-C04,146,20.054945054945055,"{""2015-2016"": 48, ""2017-2018"": 51, ""2021-2023"": 47}",42.65890410958904,41.150000000000006,38.0,45.9,0.0,99.51233897795663,100.0,75.5,126.0,2.054794520547945,110.87671232876713,112.0,90.5,131.0,2.054794520547945,53.69178082191781,51.0,45.0,61.0,1.36986301369863,53.39041095890411,54.0,50.0,57.0,0.0,123.36780821917807,122.75,117.0,131.075,5.47945205479452,18.738754311248357,17.73,12.51,26.265,2.054794520547945,8.861195857247592,8.06,4.67,13.7,0.684931506849315
expanded8_recent_equal,5,K05-C03,161,22.115384615384613,"{""2015-2016"": 45, ""2017-2018"": 49, ""2021-2023"": 67}",32.52422360248447,32.7,28.8,35.875,1.8633540372670807,95.26150888669943,97.0,78.0,119.5,6.211180124223603,118.8944099378882,122.0,94.5,142.5,6.211180124223603,60.08695652173913,60.0,51.0,69.0,4.3478260869565215,57.73913043478261,59.0,56.0,60.0,0.0,105.68944099378882,105.5,99.6,113.9,2.484472049689441,10.359662701843277,10.285,7.7675,13.3275,5.590062111801243,5.026970909650917,4.55,2.715,8.34,4.3478260869565215
expanded8_recent_equal,5,K05-C02,189,25.961538461538463,"{""2015-2016"": 56, ""2017-2018"": 68, ""2021-2023"": 65}",26.403703703703705,26.4,23.6,28.7,1.5873015873015872,94.07769276305591,96.0,72.0,116.5,5.291005291005291,128.64021164021165,129.0,109.25,150.75,5.82010582010582,58.06878306878307,57.0,51.75,65.25,4.761904761904762,53.026455026455025,53.0,51.0,56.0,0.0,90.64497354497355,90.5,83.85,96.975,1.5873015873015872,7.642422662702,6.97,5.405,10.705,5.291005291005291,1.5691010752629877,1.23,0.6924999999999999,2.385,3.7037037037037033
expanded8_recent_equal,5,K05-C05,114,15.659340659340659,"{""2015-2016"": 38, ""2017-2018"": 38, ""2021-2023"": 38}",43.98947368421052,42.6,39.3,47.65,0.0,104.78829342459171,106.0,78.75,136.25,1.7543859649122806,110.81578947368422,111.0,94.75,130.0,1.7543859649122806,51.8421052631579,49.0,44.0,58.0,1.7543859649122806,52.3859649122807,52.0,49.0,56.0,0.0,125.68245614035088,125.5,119.3,133.05,6.140350877192982,21.194866522434364,19.305,15.2475,30.994999999999997,1.7543859649122806,9.203166081248977,8.09,4.86,14.09,0.8771929824561403
expanded8_recent_equal,5,K05-C01,113,15.521978021978022,"{""2015-2016"": 42, ""2017-2018"": 32, ""2021-2023"": 39}",23.345132743362832,22.6,20.5,25.3,0.0,58.87227366465891,59.0,47.0,71.0,3.5398230088495577,111.60176991150442,109.0,87.0,136.0,3.5398230088495577,85.76991150442478,83.0,75.0,95.0,0.0,55.64601769911504,57.0,53.0,59.0,0.0,84.51327433628319,84.0,78.6,89.3,0.0,4.805256451333678,4.73,3.14,7.04,0.0,1.1133191347716125,0.71,0.455,1.8,0.8849557522123894
expanded8_recent_equal,5,K05-C04,151,20.741758241758244,"{""2015-2016"": 48, ""2017-2018"": 47, ""2021-2023"": 56}",32.07350993377484,32.05,28.700000000000003,35.475,0.6622516556291391,206.88999970361817,197.0,162.0,248.0,0.0,143.81456953642385,143.0,113.5,169.75,5.960264900662252,45.900662251655625,46.0,40.0,52.0,0.0,55.00662251655629,55.0,53.0,58.0,0.0,105.89205298013245,105.5,100.4,112.5,1.3245033112582782,15.971142846762822,14.809999999999999,11.1475,20.84,0.6622516556291391,3.9976779596131036,3.7,2.3,6.045,0.0
expanded8_recent_equal,6,K06-C02,163,22.39010989010989,"{""2015-2016"": 45, ""2017-2018"": 57, ""2021-2023"": 61}",25.699386503067487,25.5,23.2,28.0,1.2269938650306749,93.4003296182903,95.0,71.25,113.75,5.521472392638037,127.50920245398773,127.0,109.0,149.75,5.521472392638037,57.668711656441715,57.0,51.0,64.5,4.9079754601226995,52.828220858895705,53.0,51.0,55.5,0.0,89.01165644171779,88.5,82.5,94.8,1.2269938650306749,7.416740349557264,6.755,5.182499999999999,10.405,5.521472392638037,1.4389914826444847,1.09,0.62,2.17,3.6809815950920246
expanded8_recent_equal,6,K06-C04,114,15.659340659340659,"{""2015-2016"": 42, ""2017-2018"": 38, ""2021-2023"": 34}",31.394736842105264,30.65,27.8,35.05,0.0,198.9486951402005,189.0,156.0,247.0,0.0,164.28947368421052,162.0,144.0,184.0,7.894736842105263,48.59649122807018,48.0,41.0,54.0,0.0,55.1140350877193,55.0,53.0,58.0,0.0,104.83859649122807,103.8,99.2,111.7,0.8771929824561403,12.66344160751329,13.29,9.27,16.65,0.8771929824561403,3.8803067644912876,3.96,2.17,6.4,0.0
expanded8_recent_equal,6,K06-C03,145,19.917582417582416,"{""2015-2016"": 47, ""2017-2018"": 41, ""2021-2023"": 57}",32.09103448275862,32.2,28.6,35.55,2.0689655172413794,86.63795192838342,87.0,71.0,108.75,7.586206896551724,128.61379310344827,128.0,114.5,149.5,7.586206896551724,63.4551724137931,64.0,55.0,72.0,5.517241379310345,57.41379310344828,58.0,56.0,60.0,0.0,104.0855172413793,103.2,96.8,112.9,2.7586206896551726,9.25438870307301,9.34,7.105,12.085,6.896551724137931,4.558569937921959,3.9,2.09,7.977500000000001,4.827586206896552
expanded8_recent_equal,6,K06-C01,106,14.560439560439562,"{""2015-2016"": 42, ""2017-2018"": 30, ""2021-2023"": 34}",23.2,22.55,20.525,25.15,0.0,58.17236572366449,56.5,45.25,71.0,3.7735849056603774,109.26415094339623,106.0,84.75,133.0,3.7735849056603774,86.5566037735849,83.0,75.25,95.75,0.0,55.54716981132076,56.5,53.0,59.0,0.0,84.18867924528301,83.85,78.375,88.9,0.0,4.724370753833013,4.615,3.1100000000000003,6.9525,0.0,1.1239089340430344,0.7,0.44,1.8,0.9433962264150944
expanded8_recent_equal,6,K06-C05,104,14.285714285714285,"{""2015-2016"": 19, ""2017-2018"": 35, ""2021-2023"": 50}",34.21057692307692,34.150000000000006,30.725,37.625,1.9230769230769231,164.30338617818953,157.0,126.0,213.5,0.0,91.0673076923077,94.0,76.5,106.5,0.9615384615384616,45.58653846153846,45.0,39.0,52.0,0.0,56.03846153846154,57.0,54.0,59.0,0.0,110.09326923076924,108.7,103.6,117.7,2.8846153846153846,20.937902696068132,19.435000000000002,13.3425,29.5525,0.0,4.105771450334851,3.31,2.3499999999999996,7.335,0.9615384615384616
expanded8_recent_equal,6,K06-C06,96,13.186813186813188,"{""2015-2016"": 34, ""2017-2018"": 33, ""2021-2023"": 29}",44.628125,42.849999999999994,39.6,48.55,0.0,95.08821341867649,98.5,72.0,116.75,2.083333333333333,116.66666666666667,117.5,101.25,132.75,2.083333333333333,53.385416666666664,51.0,46.0,60.0,2.083333333333333,51.552083333333336,51.0,48.0,55.0,0.0,125.92500000000001,125.3,118.6,134.575,6.25,19.42289691301319,17.875,13.605,26.2675,2.083333333333333,10.643149780482071,10.0,5.859999999999999,15.2,1.0416666666666665
expanded8_recent_equal,7,K07-C01,93,12.774725274725274,"{""2015-2016"": 39, ""2017-2018"": 26, ""2021-2023"": 28}",23.23978494623656,22.6,20.5,25.2,0.0,56.53835060124541,54.5,44.0,70.5,3.225806451612903,105.81720430107526,101.0,83.25,128.0,3.225806451612903,88.59139784946237,87.0,78.0,97.0,0.0,55.11827956989247,56.0,53.0,58.0,0.0,84.21720430107527,83.9,78.0,88.9,0.0,4.675466288915764,4.63,3.1,6.76,0.0,1.1421939805278685,0.705,0.4275,1.8475000000000001,1.0752688172043012
expanded8_recent_equal,7,K07-C05,110,15.10989010989011,"{""2015-2016"": 41, ""2017-2018"": 37, ""2021-2023"": 32}",31.53727272727273,30.75,28.0,35.175000000000004,0.0,200.24183835459567,189.5,156.0,247.0,0.0,164.5181818181818,162.0,145.0,184.0,8.181818181818182,48.39090909090909,47.0,41.0,53.75,0.0,55.00909090909091,55.0,53.0,58.0,0.0,105.27636363636364,104.0,99.7,112.0,0.9090909090909091,12.814250656099636,13.46,9.54,16.89,0.9090909090909091,3.965665568045265,3.9899999999999998,2.2925,6.4,0.0
expanded8_recent_equal,7,K07-C03,98,13.461538461538462,"{""2015-2016"": 31, ""2017-2018"": 31, ""2021-2023"": 36}",28.822448979591837,28.6,25.5,31.625,2.0408163265306123,82.50967045736122,79.0,63.0,103.0,5.1020408163265305,111.59183673469389,118.0,91.0,129.0,5.1020408163265305,58.326530612244895,57.0,51.0,67.0,5.1020408163265305,50.08163265306123,51.0,48.0,52.0,0.0,95.89387755102041,95.25,89.125,103.1,2.0408163265306123,8.773411390937872,9.07,6.175000000000001,12.2,7.142857142857142,2.247188833930765,2.0,1.0,3.96,5.1020408163265305
expanded8_recent_equal,7,K07-C04,116,15.934065934065933,"{""2015-2016"": 38, ""2017-2018"": 33, ""2021-2023"": 45}",32.65344827586207,32.6,28.8,36.675000000000004,1.7241379310344827,88.12931205866569,91.0,73.25,113.25,8.620689655172415,129.50862068965517,128.5,117.25,151.0,8.620689655172415,63.91379310344828,64.0,56.0,72.0,6.0344827586206895,57.69827586206897,58.0,56.0,59.0,0.0,105.27155172413794,104.0,98.8,113.9,2.586206896551724,9.394089399429369,9.36,7.2924999999999995,12.0625,6.896551724137931,5.474693498552184,4.72,3.08,8.97,6.0344827586206895
expanded8_recent_equal,7,K07-C02,120,16.483516483516482,"{""2015-2016"": 29, ""2017-2018"": 42, ""2021-2023"": 49}",24.583333333333336,24.3,22.200000000000003,27.15,0.8333333333333334,98.35458038879223,98.0,75.0,117.0,5.833333333333333,139.40833333333333,142.0,120.0,162.0,5.833333333333333,59.30833333333333,59.0,53.0,66.0,4.166666666666666,56.38333333333333,56.5,55.0,59.0,0.0,86.855,86.3,80.45,92.6,0.8333333333333334,6.792400946529787,6.74,4.994999999999999,8.66,4.166666666666666,1.088985231497133,0.97,0.6,1.4175,1.6666666666666667
expanded8_recent_equal,7,K07-C06,100,13.736263736263737,"{""2015-2016"": 18, ""2017-2018"": 33, ""2021-2023"": 49}",34.251,34.150000000000006,30.875,37.7,2.0,167.88924032928054,159.0,127.5,215.5,0.0,91.78999999999999,94.0,78.0,106.5,1.0,45.48,45.0,39.0,52.0,0.0,56.2,57.0,54.0,59.0,0.0,110.35900000000001,109.6,103.9,118.5,3.0,21.290409713170746,19.52,13.852500000000001,29.9975,0.0,4.182371521361174,3.32,2.385,7.555,1.0
expanded8_recent_equal,7,K07-C07,91,12.5,"{""2015-2016"": 33, ""2017-2018"": 32, ""2021-2023"": 26}",45.106593406593404,43.3,40.25,49.0,0.0,95.90530990186797,98.5,72.75,117.0,1.098901098901099,116.5934065934066,117.5,101.25,132.75,1.098901098901099,53.02197802197802,50.5,46.0,59.75,1.098901098901099,51.86813186813187,52.0,49.0,55.0,0.0,126.76043956043956,126.2,119.5,134.8,6.593406593406594,19.864783884824366,18.245,14.434999999999999,27.575000000000003,1.098901098901099,11.204645724478164,10.3,6.220000000000001,15.745,0.0
expanded8_recent_equal,8,K08-C02,119,16.346153846153847,"{""2015-2016"": 28, ""2017-2018"": 40, ""2021-2023"": 51}",24.721008403361346,24.3,22.35,27.275,0.8403361344537815,98.07127369768854,98.0,75.5,116.5,6.722689075630252,139.0924369747899,141.0,121.0,161.0,6.722689075630252,59.2436974789916,59.0,53.0,66.0,5.042016806722689,56.50420168067227,57.0,55.0,59.0,0.0,86.93193277310925,86.55,80.5,92.4,0.8403361344537815,6.768684525611157,6.74,4.97,8.47,5.042016806722689,1.133959515167397,0.975,0.6,1.4675,2.5210084033613445
expanded8_recent_equal,8,K08-C08,52,7.142857142857142,"{""2015-2016"": 18, ""2017-2018"": 21, ""2021-2023"": 13}",48.55384615384615,46.7,43.125,51.4,0.0,88.0646336882489,94.5,63.75,109.25,0.0,109.01923076923077,109.5,90.5,124.25,0.0,55.75,53.0,46.75,61.0,0.0,54.32692307692308,54.5,52.0,57.0,0.0,130.31730769230768,131.2,125.3,143.95,9.615384615384617,18.882813522792393,17.865000000000002,13.245,25.2775,0.0,14.323923718627691,13.55,7.9775,18.495,0.0
expanded8_recent_equal,8,K08-C07,67,9.203296703296704,"{""2015-2016"": 23, ""2017-2018"": 19, ""2021-2023"": 25}",38.6,38.8,35.6,40.95,0.0,132.31918527878287,130.0,102.0,173.0,2.9850746268656714,132.53731343283582,131.5,115.25,148.5,4.477611940298507,47.701492537313435,47.0,40.0,54.0,2.9850746268656714,49.208955223880594,49.0,47.0,51.0,0.0,117.88507462686567,118.4,111.3,123.7,2.9850746268656714,20.708456923478728,19.47,15.25,29.92,2.9850746268656714,6.985635616859707,6.5649999999999995,4.655,9.5,1.4925373134328357
expanded8_recent_equal,8,K08-C04,112,15.384615384615385,"{""2015-2016"": 37, ""2017-2018"": 33, ""2021-2023"": 42}",32.75625,32.7,28.825,36.85,1.7857142857142856,87.83705254911887,90.0,73.0,114.0,8.035714285714286,129.58928571428572,129.0,116.5,151.0,8.035714285714286,64.24107142857143,64.0,56.25,72.0,5.357142857142857,57.642857142857146,58.0,56.0,59.0,0.0,105.63392857142857,104.3,99.6,113.9,2.6785714285714284,9.361505899847414,9.35,7.24,12.04,6.25,5.56474662218258,4.925,3.085,9.067499999999999,5.357142857142857
expanded8_recent_equal,8,K08-C01,94,12.912087912087914,"{""2015-2016"": 39, ""2017-2018"": 27, ""2021-2023"": 28}",23.225531914893615,22.6,20.525,25.15,0.0,56.464561525479226,54.0,44.0,70.0,3.1914893617021276,106.41489361702128,101.0,83.5,128.5,3.1914893617021276,88.47872340425532,87.0,78.0,96.75,0.0,55.159574468085104,56.0,53.0,58.75,0.0,84.23617021276596,83.95,78.075,88.9,0.0,4.684033310108871,4.68,3.1100000000000003,6.7575,0.0,1.133936182778014,0.7,0.43,1.83,1.0638297872340425
expanded8_recent_equal,8,K08-C06,95,13.049450549450551,"{""2015-2016"": 19, ""2017-2018"": 31, ""2021-2023"": 45}",34.026315789473685,33.7,30.7,36.8,2.1052631578947367,158.24070532651086,155.0,122.0,208.5,0.0,89.49473684210527,93.0,76.0,106.0,0.0,46.07368421052632,45.0,39.0,52.5,0.0,56.66315789473684,57.0,55.0,59.0,0.0,110.20315789473685,108.7,103.6,117.7,2.1052631578947367,20.324185189904203,18.49,13.285,28.47,0.0,4.015027974337754,3.385,2.335,7.135,1.0526315789473684
expanded8_recent_equal,8,K08-C03,94,12.912087912087914,"{""2015-2016"": 31, ""2017-2018"": 31, ""2021-2023"": 32}",28.298936170212766,28.0,25.475,31.225,2.127659574468085,82.2268937135265,79.0,63.0,102.5,4.25531914893617,112.95744680851064,118.0,94.25,129.75,4.25531914893617,58.723404255319146,57.0,51.0,67.0,4.25531914893617,50.18085106382979,51.0,48.0,52.0,0.0,94.77127659574468,94.4,88.5,101.9,2.127659574468085,8.564822832017425,8.935,6.1075,12.0975,6.382978723404255,2.163124480772214,1.9,0.9025000000000001,3.685,4.25531914893617
expanded8_recent_equal,8,K08-C05,95,13.049450549450551,"{""2015-2016"": 34, ""2017-2018"": 32, ""2021-2023"": 29}",30.79263157894737,30.2,27.65,33.7,0.0,206.92768041136222,193.0,160.5,250.0,0.0,165.02105263157895,162.0,144.5,188.25,9.473684210526317,48.71578947368421,48.0,41.5,53.0,0.0,55.757894736842104,55.0,53.5,58.0,0.0,103.88105263157895,103.35,97.975,108.85,1.0526315789473684,12.147783545128387,13.03,9.2175,15.9175,1.0526315789473684,3.604233933816182,3.51,2.125,5.59,0.0
expanded8_recent_equal,9,K09-C03,82,11.263736263736265,"{""2015-2016"": 28, ""2017-2018"": 25, ""2021-2023"": 29}",28.615853658536587,28.0,25.475,31.4,2.4390243902439024,78.34302397998333,74.0,61.25,99.25,4.878048780487805,115.8048780487805,119.0,101.0,133.75,4.878048780487805,58.84146341463415,57.0,51.0,67.0,4.878048780487805,49.52439024390244,50.0,48.0,51.0,0.0,95.29878048780488,94.3,88.5,102.85,3.6585365853658534,8.47520440257524,8.14,5.84,12.16,7.317073170731707,2.3464102038564447,1.87,0.9025000000000001,4.3025,4.878048780487805
expanded8_recent_equal,9,K09-C01,93,12.774725274725274,"{""2015-2016"": 38, ""2017-2018"": 27, ""2021-2023"": 28}",22.943010752688174,22.5,20.5,25.0,0.0,55.933130073696894,55.5,44.0,69.0,3.225806451612903,104.36559139784946,101.0,83.25,125.5,3.225806451612903,87.01075268817203,85.0,75.0,96.0,0.0,55.1505376344086,56.0,53.0,59.0,0.0,83.46559139784947,83.3,78.0,88.9,0.0,4.8016197749319955,4.73,3.33,6.93,0.0,1.0030315966692096,0.675,0.4075,1.635,1.0752688172043012
expanded8_recent_equal,9,K09-C04,93,12.774725274725274,"{""2015-2016"": 23, ""2017-2018"": 25, ""2021-2023"": 45}",29.2247311827957,28.6,26.8,32.025,1.0752688172043012,114.06713504961542,118.5,87.0,147.5,9.67741935483871,95.13978494623656,94.0,77.75,111.25,9.67741935483871,54.473118279569896,54.0,48.0,61.0,9.67741935483871,57.03225806451613,57.0,55.0,59.0,0.0,98.90752688172043,99.0,92.7,104.3,0.0,10.673027971258778,10.84,8.254999999999999,13.785,10.75268817204301,2.0034069158282763,1.79,1.0025,2.9,9.67741935483871
expanded8_recent_equal,9,K09-C09,41,5.631868131868132,"{""2015-2016"": 15, ""2017-2018"": 16, ""2021-2023"": 10}",50.31219512195122,48.4,45.2,52.8,0.0,86.12966932305768,93.0,64.0,107.0,0.0,110.17073170731707,112.0,95.0,125.0,0.0,55.78048780487805,54.0,47.0,61.0,0.0,53.146341463414636,53.0,50.0,56.0,0.0,135.5951219512195,134.14999999999998,126.025,145.325,2.4390243902439024,18.429589616179125,17.7,12.34,25.2,0.0,13.857200986118528,13.2,6.29,19.1,0.0
expanded8_recent_equal,9,K09-C05,96,13.186813186813188,"{""2015-2016"": 32, ""2017-2018"": 32, ""2021-2023"": 32}",33.088541666666664,33.3,29.799999999999997,37.05,1.0416666666666665,86.76991043534804,90.5,70.0,109.5,4.166666666666666,138.0625,137.0,122.75,154.0,4.166666666666666,67.55208333333333,67.0,58.0,74.0,1.0416666666666665,57.322916666666664,58.0,56.0,59.0,0.0,106.04166666666667,106.3,100.0,113.9,3.125,8.861870328920528,9.32,6.6850000000000005,12.085,1.0416666666666665,6.483074953602586,5.595000000000001,3.405,10.9175,0.0
expanded8_recent_equal,9,K09-C07,79,10.851648351648352,"{""2015-2016"": 19, ""2017-2018"": 26, ""2021-2023"": 34}",37.12784810126582,37.4,34.2,41.0,2.5316455696202533,143.63361370110877,138.0,107.0,180.0,0.0,97.75949367088609,96.0,81.5,115.5,0.0,45.810126582278485,45.0,40.5,51.5,0.0,57.08860759493671,57.0,55.0,59.0,0.0,115.15822784810126,116.3,107.15,124.4,6.329113924050633,21.380517177971942,20.17,14.63,31.055,0.0,6.483604119240251,6.7,3.175,11.125,0.0
expanded8_recent_equal,9,K09-C02,93,12.774725274725274,"{""2015-2016"": 24, ""2017-2018"": 36, ""2021-2023"": 33}",24.089247311827958,23.799999999999997,21.4,26.35,1.0752688172043012,98.65322085876633,99.0,76.0,116.0,4.301075268817205,151.1720430107527,152.0,134.0,168.0,4.301075268817205,60.634408602150536,60.0,53.5,66.5,2.1505376344086025,55.75268817204301,56.0,54.0,58.0,0.0,85.37956989247311,84.9,79.375,91.3,1.0752688172043012,6.490124537102028,6.41,4.865,8.355,2.1505376344086025,1.1244864926280413,0.985,0.595,1.4675,1.0752688172043012
expanded8_recent_equal,9,K09-C08,60,8.241758241758241,"{""2015-2016"": 16, ""2017-2018"": 18, ""2021-2023"": 26}",38.24166666666667,38.4,34.85,40.525,0.0,142.12992697811302,138.5,109.0,196.25,3.3333333333333335,129.95,129.0,110.0,146.0,5.0,46.45,47.0,38.0,51.75,3.3333333333333335,49.016666666666666,49.0,46.75,51.0,0.0,116.84,117.85,111.075,122.80000000000001,3.3333333333333335,23.212748966279825,21.78,15.862499999999999,32.0275,3.3333333333333335,6.261336081007928,6.15,4.470000000000001,8.535,1.6666666666666667
expanded8_recent_equal,9,K09-C06,91,12.5,"{""2015-2016"": 34, ""2017-2018"": 29, ""2021-2023"": 28}",30.959340659340658,30.3,27.75,33.9,0.0,213.43599696497506,197.0,167.5,258.0,0.0,165.0,161.0,144.5,188.25,9.89010989010989,48.15384615384615,47.0,41.0,52.5,0.0,55.73626373626374,55.0,54.0,58.0,0.0,103.87472527472528,103.35,98.55,109.67500000000001,1.098901098901099,12.484014540300114,13.165,9.4875,16.315,1.098901098901099,3.7613451661368638,3.67,2.245,5.68,0.0
expanded8_recent_equal,10,K10-C02,85,11.675824175824175,"{""2015-2016"": 24, ""2017-2018"": 33, ""2021-2023"": 28}",24.158823529411766,24.0,22.0,26.5,0.0,104.37848290384221,102.0,83.0,125.5,3.5294117647058822,153.6,152.5,139.0,168.75,3.5294117647058822,59.55294117647059,59.0,53.0,66.0,2.3529411764705883,55.77647058823529,56.0,54.0,58.0,0.0,85.5035294117647,85.0,79.5,92.0,0.0,6.98454608386071,6.95,5.13,8.705,2.3529411764705883,1.2199120329504756,1.07,0.6,1.755,1.1764705882352942
expanded8_recent_equal,10,K10-C10,55,7.554945054945055,"{""2015-2016"": 19, ""2017-2018"": 21, ""2021-2023"": 15}",48.38909090909091,46.5,43.25,51.5,0.0,88.9710242515152,96.0,63.5,111.5,0.0,109.78181818181818,112.0,92.5,124.5,0.0,56.49090909090909,55.0,48.0,61.0,0.0,54.38181818181818,54.0,52.0,57.0,0.0,128.38545454545454,128.5,122.1,143.3,10.909090909090908,18.75827082436109,17.7,13.99,25.13,0.0,13.762631196869295,13.28,7.405,18.42,0.0
expanded8_recent_equal,10,K10-C08,74,10.164835164835164,"{""2015-2016"": 17, ""2017-2018"": 21, ""2021-2023"": 36}",35.7972972972973,35.55,33.025,39.3,2.7027027027027026,170.93085763558412,160.5,127.25,219.25,0.0,96.21621621621622,94.0,80.0,112.0,1.3513513513513513,44.2972972972973,43.0,37.25,50.75,0.0,56.770270270270274,57.0,55.0,59.0,0.0,114.07297297297298,114.0,106.75,122.44999999999999,4.054054054054054,24.527155925110343,22.075,14.9025,33.0375,0.0,4.549454747805489,4.135,2.625,7.6275,0.0
expanded8_recent_equal,10,K10-C01,89,12.225274725274724,"{""2015-2016"": 33, ""2017-2018"": 25, ""2021-2023"": 31}",22.81348314606742,22.5,20.4,25.0,0.0,55.98092983944323,55.5,44.0,70.5,3.3707865168539324,104.49438202247191,101.5,84.75,125.5,3.3707865168539324,86.74157303370787,84.0,75.0,96.0,0.0,56.02247191011236,56.0,54.0,59.0,0.0,83.41910112359551,83.8,78.3,88.6,0.0,4.9665450478579185,5.03,3.51,6.96,0.0,1.0262775613275361,0.7,0.43,1.635,1.1235955056179776
expanded8_recent_equal,10,K10-C05,68,9.340659340659341,"{""2015-2016"": 18, ""2017-2018"": 21, ""2021-2023"": 29}",34.81617647058823,34.7,32.0,37.25,1.4705882352941175,85.02962629922136,90.5,70.0,105.5,2.941176470588235,140.5441176470588,139.5,126.0,154.75,2.941176470588235,72.01470588235294,71.0,64.0,78.25,0.0,56.92647058823529,57.0,55.0,59.0,0.0,111.19558823529412,111.35,105.95,118.075,2.941176470588235,9.2869355423174,9.86,6.6850000000000005,12.085,1.4705882352941175,3.1183425350393295,3.3899999999999997,1.7725,4.9125,0.0
expanded8_recent_equal,10,K10-C03,76,10.43956043956044,"{""2015-2016"": 26, ""2017-2018"": 24, ""2021-2023"": 26}",26.976315789473684,27.1,23.650000000000002,29.675,2.631578947368421,78.46209721956906,73.5,61.75,97.75,5.263157894736842,116.56578947368422,119.0,101.0,135.0,5.263157894736842,60.8421052631579,59.0,51.0,69.0,3.9473684210526314,49.10526315789474,49.5,47.0,51.0,0.0,91.45263157894738,92.4,83.975,98.725,2.631578947368421,6.692271017174542,6.404999999999999,4.365,9.2725,5.263157894736842,1.7405079726675345,1.27,0.6,3.0,3.9473684210526314
expanded8_recent_equal,10,K10-C07,87,11.95054945054945,"{""2015-2016"": 35, ""2017-2018"": 28, ""2021-2023"": 24}",30.94712643678161,30.3,27.75,33.9,0.0,215.0047521026205,197.0,169.0,258.0,0.0,165.13793103448273,159.0,144.5,188.25,10.344827586206897,47.81609195402299,47.0,41.0,52.5,0.0,55.689655172413794,55.0,54.0,58.0,0.0,103.75287356321839,103.35,98.825,109.67500000000001,1.1494252873563218,12.50135876723896,13.344999999999999,9.4875,16.315,1.1494252873563218,3.8322930529875165,3.67,2.295,5.68,0.0
expanded8_recent_equal,10,K10-C04,90,12.362637362637363,"{""2015-2016"": 22, ""2017-2018"": 26, ""2021-2023"": 42}",28.944444444444443,28.6,26.775,31.4,2.2222222222222223,104.53279917700341,103.5,80.0,139.0,11.11111111111111,95.28888888888889,94.0,76.75,113.0,11.11111111111111,55.62222222222222,55.0,48.75,61.25,11.11111111111111,56.82222222222222,57.0,55.0,59.0,0.0,97.97888888888889,97.3,92.5,103.6,1.1111111111111112,10.31283650787741,10.78,7.92,13.265,12.222222222222221,2.072989118703967,1.82,0.9875,3.0975,11.11111111111111
expanded8_recent_equal,10,K10-C09,63,8.653846153846153,"{""2015-2016"": 20, ""2017-2018"": 18, ""2021-2023"": 25}",38.046031746031744,38.3,35.3,40.55,0.0,123.49662214989802,117.0,94.0,169.0,3.1746031746031744,129.82539682539684,129.0,110.0,144.0,3.1746031746031744,47.22222222222223,47.0,39.0,52.0,3.1746031746031744,48.682539682539684,48.0,46.0,51.0,0.0,117.9063492063492,117.0,110.6,123.75,0.0,19.332737696232414,19.37,14.37,27.03,3.1746031746031744,6.777319031801687,6.15,4.5,9.875,1.5873015873015872
expanded8_recent_equal,10,K10-C06,41,5.631868131868132,"{""2015-2016"": 15, ""2017-2018"": 17, ""2021-2023"": 9}",29.665853658536584,28.8,27.1,32.5,0.0,91.15877625774472,86.0,71.5,119.0,4.878048780487805,130.8048780487805,128.0,115.0,151.5,4.878048780487805,57.390243902439025,55.0,49.0,64.25,2.4390243902439024,56.97560975609756,58.0,55.0,59.0,0.0,98.44634146341463,100.3,92.125,103.525,2.4390243902439024,8.211598073009212,8.64,6.702500000000001,11.7475,2.4390243902439024,15.17423343881945,11.8,8.97,16.17,0.0
expanded8_recent_equal,11,K11-C11,22,3.021978021978022,"{""2015-2016"": 10, ""2017-2018"": 8, ""2021-2023"": 4}",54.49090909090909,52.05,49.025,59.55,0.0,85.04697909765558,81.5,60.25,109.75,0.0,108.86363636363636,108.0,90.5,122.75,0.0,56.09090909090909,52.5,47.25,61.0,0.0,52.77272727272727,53.0,51.25,54.0,0.0,141.33181818181816,144.7,134.2,149.8,4.545454545454546,18.877723528762534,17.310000000000002,14.9575,23.71,0.0,16.66766014262547,14.25,7.1075,36.0575,0.0
expanded8_recent_equal,11,K11-C03,76,10.43956043956044,"{""2015-2016"": 23, ""2017-2018"": 25, ""2021-2023"": 28}",27.44736842105263,27.65,24.55,29.849999999999998,2.631578947368421,80.83048978001752,76.5,63.75,100.0,5.263157894736842,116.5921052631579,119.5,101.0,135.0,5.263157894736842,58.30263157894737,57.0,51.0,64.25,5.263157894736842,49.526315789473685,50.0,48.0,51.0,0.0,92.73684210526316,93.0,86.1,98.675,2.631578947368421,8.205615054739699,7.69,5.66,11.955,6.578947368421052,2.170469841941723,1.76,0.8675,4.2675,5.263157894736842
expanded8_recent_equal,11,K11-C07,94,12.912087912087914,"{""2015-2016"": 36, ""2017-2018"": 34, ""2021-2023"": 24}",30.44468085106383,30.2,27.525,33.4,0.0,189.83542885481876,178.0,146.0,221.25,0.0,167.8936170212766,162.0,150.0,186.0,5.319148936170213,49.34042553191489,48.5,42.0,54.0,0.0,55.6063829787234,55.0,53.0,58.75,0.0,103.29255319148936,103.2,97.8,107.7,1.0638297872340425,11.889213383932882,12.67,8.87,15.74,1.0638297872340425,3.9831007841243364,3.96,2.2225,6.5,0.0
expanded8_recent_equal,11,K11-C06,73,10.027472527472527,"{""2015-2016"": 20, ""2017-2018"": 23, ""2021-2023"": 30}",35.04520547945206,34.9,32.2,37.4,0.0,87.38816397449219,92.0,70.5,110.0,2.73972602739726,137.1917808219178,136.0,122.5,153.0,2.73972602739726,71.24657534246575,70.0,62.0,78.0,0.0,56.84931506849315,57.0,55.0,59.0,0.0,111.08767123287672,111.19999999999999,104.275,117.175,1.36986301369863,9.527496418955039,9.735,7.3725000000000005,12.0625,1.36986301369863,3.774029865188763,3.85,2.19,6.1,0.0
expanded8_recent_equal,11,K11-C01,84,11.538461538461538,"{""2015-2016"": 36, ""2017-2018"": 25, ""2021-2023"": 23}",22.86904761904762,22.55,20.375,25.05,0.0,55.26721802742871,52.0,44.0,69.0,3.571428571428571,101.64285714285714,97.0,82.0,123.0,3.571428571428571,88.5,87.0,77.75,97.0,0.0,54.892857142857146,56.0,52.0,58.25,0.0,83.56428571428572,83.85,77.4,88.9,0.0,4.912135142777802,5.11,3.3600000000000003,6.975,0.0,0.9764525814695489,0.66,0.4,1.69,1.1904761904761905
expanded8_recent_equal,11,K11-C02,89,12.225274725274724,"{""2015-2016"": 21, ""2017-2018"": 30, ""2021-2023"": 38}",23.969662921348316,23.7,21.4,25.799999999999997,2.247191011235955,93.3244114457501,93.5,70.25,113.0,3.3707865168539324,151.0561797752809,152.0,134.25,165.0,3.3707865168539324,62.561797752808985,63.0,54.0,69.5,1.1235955056179776,56.2247191011236,57.0,55.0,58.0,0.0,84.97865168539326,84.6,79.55,89.5,2.247191011235955,5.604891043610795,5.73,4.41,7.675,1.1235955056179776,1.1143016862644566,0.975,0.58,1.415,1.1235955056179776
expanded8_recent_equal,11,K11-C09,62,8.516483516483516,"{""2015-2016"": 18, ""2017-2018"": 22, ""2021-2023"": 22}",40.96612903225807,40.8,37.675,43.775,0.0,103.55924555440907,107.0,89.0,126.0,0.0,108.56451612903226,110.5,87.75,127.5,0.0,52.45161290322581,51.0,46.25,57.75,0.0,57.274193548387096,57.5,55.0,59.0,0.0,119.03548387096774,122.1,115.3,126.9,8.064516129032258,19.519719469217097,18.23,14.209999999999999,25.0075,0.0,8.240015447322964,8.61,4.6025,13.235,0.0
expanded8_recent_equal,11,K11-C08,68,9.340659340659341,"{""2015-2016"": 14, ""2017-2018"": 18, ""2021-2023"": 36}",34.00735294117647,33.6,31.5,37.175,2.941176470588235,217.87978513420316,208.5,159.5,282.5,0.0,100.73529411764706,99.0,84.5,112.5,7.352941176470589,41.955882352941174,41.0,36.0,48.0,0.0,55.044117647058826,55.0,53.0,57.0,0.0,110.05,108.35,103.92500000000001,116.875,2.941176470588235,22.405736902221623,20.245,14.600000000000001,29.9975,0.0,4.370200131916802,3.9400000000000004,2.5675,7.297499999999999,0.0
expanded8_recent_equal,11,K11-C04,11,1.510989010989011,"{""2015-2016"": 4, ""2017-2018"": 6, ""2021-2023"": 1}",24.936363636363637,24.9,22.35,28.0,0.0,77.42439974014957,76.0,59.5,89.75,9.090909090909092,120.9090909090909,116.0,111.5,134.25,9.090909090909092,57.45454545454545,54.0,47.0,64.0,0.0,58.09090909090909,58.0,56.5,59.5,0.0,87.93636363636364,84.5,83.75,94.35,0.0,4.591090864279923,5.51,2.73,6.925,0.0,40.13864643528124,33.7,27.15,68.39,0.0
expanded8_recent_equal,11,K11-C10,55,7.554945054945055,"{""2015-2016"": 19, ""2017-2018"": 18, ""2021-2023"": 18}",39.403636363636366,39.4,36.3,41.7,0.0,109.00241086238883,114.0,82.0,140.0,3.6363636363636362,129.10909090909092,124.0,110.0,144.0,3.6363636363636362,49.52727272727273,48.0,43.0,55.0,3.6363636363636362,48.18181818181818,48.0,46.0,50.0,0.0,119.61636363636363,119.5,112.9,126.7,3.6363636363636362,19.247119154130715,18.72,13.76,29.92,3.6363636363636362,7.639988101079448,6.795,4.7025,12.1275,1.8181818181818181
expanded8_recent_equal,11,K11-C05,94,12.912087912087914,"{""2015-2016"": 28, ""2017-2018"": 25, ""2021-2023"": 41}",28.398936170212767,27.9,26.5,30.7,1.0638297872340425,104.45939823673,103.0,80.0,141.0,11.702127659574469,99.65957446808511,99.0,78.0,117.0,11.702127659574469,55.47872340425532,55.0,48.5,61.0,11.702127659574469,57.276595744680854,58.0,55.0,60.0,0.0,96.24361702127659,95.45,90.64999999999999,102.1,0.0,10.372449594191979,10.675,8.235,13.0025,12.76595744680851,2.1667876453982142,1.9,1.06,3.27,9.574468085106384
expanded8_recent_equal,12,K12-C10,60,8.241758241758241,"{""2015-2016"": 13, ""2017-2018"": 13, ""2021-2023"": 34}",34.57833333333333,34.1,31.95,37.55,1.6666666666666667,211.5623462853219,201.0,159.5,263.75,0.0,95.2,94.5,80.25,106.75,3.3333333333333335,42.18333333333334,41.0,36.0,48.25,0.0,55.28333333333333,55.0,53.75,57.25,0.0,110.84833333333333,109.15,104.82499999999999,117.05,3.3333333333333335,24.19908475568549,21.509999999999998,14.697500000000002,32.855000000000004,0.0,3.816829396266292,3.3899999999999997,2.48,5.6825,0.0
expanded8_recent_equal,12,K12-C04,73,10.027472527472527,"{""2015-2016"": 21, ""2017-2018"": 25, ""2021-2023"": 27}",27.726027397260275,27.7,24.75,30.25,2.73972602739726,80.13399021876991,76.0,63.0,100.0,5.47945205479452,115.15068493150685,119.0,101.0,135.0,5.47945205479452,57.67123287671233,57.0,51.0,64.0,5.47945205479452,49.31506849315069,50.0,47.0,51.0,0.0,93.16849315068494,93.4,86.7,99.85,2.73972602739726,8.203930525889145,7.45,5.5675,12.0075,6.8493150684931505,2.172445447736049,1.75,0.9,4.25,5.47945205479452
expanded8_recent_equal,12,K12-C08,96,13.186813186813188,"{""2015-2016"": 38, ""2017-2018"": 32, ""2021-2023"": 26}",30.63125,30.2,27.6,33.55,0.0,200.58183969396657,189.0,157.25,249.0,0.0,164.84375,160.0,145.5,183.25,8.333333333333332,48.447916666666664,48.0,41.0,53.25,0.0,55.739583333333336,55.0,54.0,58.0,0.0,103.52291666666666,103.3,98.15,108.7,1.0416666666666665,11.881807045862264,12.67,9.08,15.780000000000001,1.0416666666666665,4.240739240431687,3.9899999999999998,2.4850000000000003,6.525,0.0
expanded8_recent_equal,12,K12-C02,60,8.241758241758241,"{""2015-2016"": 24, ""2017-2018"": 15, ""2021-2023"": 21}",23.33,22.55,20.875,25.225,0.0,52.20027602270144,52.0,42.5,63.5,1.6666666666666667,99.9,99.0,79.0,118.5,1.6666666666666667,79.73333333333333,78.0,71.0,87.0,0.0,57.65,58.0,56.0,59.0,0.0,83.775,84.05,78.825,88.675,0.0,5.265358097915713,5.625,3.8375000000000004,7.2275,0.0,1.1063104787479683,0.7,0.475,1.49,1.6666666666666667
expanded8_recent_equal,12,K12-C09,62,8.516483516483516,"{""2015-2016"": 20, ""2017-2018"": 25, ""2021-2023"": 17}",38.814516129032256,38.9,35.8,42.8,1.6129032258064515,94.2251647847499,98.0,76.5,123.0,0.0,104.82258064516128,106.5,87.25,124.0,0.0,53.37096774193549,52.0,46.0,59.5,0.0,56.774193548387096,57.0,55.0,59.0,0.0,114.89516129032258,116.6,111.27499999999999,123.05,9.67741935483871,16.936646909466422,17.04,12.5,22.87,0.0,9.671776036222528,10.25,6.737500000000001,13.775,0.0
expanded8_recent_equal,12,K12-C07,75,10.302197802197801,"{""2015-2016"": 21, ""2017-2018"": 21, ""2021-2023"": 33}",34.772,34.650000000000006,31.425,37.275,1.3333333333333335,88.49987494871911,92.0,71.0,114.0,2.666666666666667,140.06666666666666,140.0,123.0,154.0,2.666666666666667,71.2,70.0,63.0,78.0,0.0,56.86666666666667,57.0,55.0,59.0,0.0,110.792,111.0,104.0,117.7,2.666666666666667,9.175800530141078,9.489999999999998,6.6175,12.0025,1.3333333333333335,3.3537819575996055,3.42,1.85,5.220000000000001,0.0
expanded8_recent_equal,12,K12-C01,38,5.21978021978022,"{""2015-2016"": 16, ""2017-2018"": 13, ""2021-2023"": 9}",22.339473684210525,21.8,19.85,24.9,0.0,63.28215157193849,63.0,50.0,72.5,7.894736842105263,114.94736842105263,110.0,92.0,133.0,7.894736842105263,96.52631578947367,93.0,87.25,102.25,0.0,51.71052631578947,52.0,50.0,53.75,0.0,83.24473684210527,82.94999999999999,77.92500000000001,89.2,0.0,4.308413332770614,3.955,3.1275,5.7775,0.0,0.9164166093761552,0.6,0.385,1.8,0.0
expanded8_recent_equal,12,K12-C03,78,10.714285714285714,"{""2015-2016"": 21, ""2017-2018"": 29, ""2021-2023"": 28}",23.892307692307693,23.7,21.4,26.0,0.0,102.98572529450895,102.0,80.5,121.0,2.564102564102564,154.5897435897436,155.5,137.0,169.25,2.564102564102564,60.01282051282051,60.0,53.0,66.0,1.282051282051282,55.43589743589744,55.0,53.25,58.0,0.0,84.8371794871795,84.75,79.125,90.05,0.0,6.256146308485845,6.19,4.86,8.05,1.282051282051282,1.0458546262777932,0.98,0.58,1.41,1.282051282051282
expanded8_recent_equal,12,K12-C12,28,3.8461538461538463,"{""2015-2016"": 10, ""2017-2018"": 11, ""2021-2023"": 7}",53.25714285714285,50.8,48.275,55.05,0.0,90.6254777216141,95.5,63.5,110.25,0.0,112.39285714285714,112.0,96.5,132.25,0.0,56.107142857142854,51.5,47.75,61.25,0.0,53.785714285714285,53.0,52.0,57.0,0.0,139.12142857142857,138.2,132.1,149.15,3.571428571428571,20.82626655030483,18.245,15.1975,28.3575,0.0,14.774289590980487,13.004999999999999,6.2425,34.3725,0.0
expanded8_recent_equal,12,K12-C06,92,12.637362637362637,"{""2015-2016"": 24, ""2017-2018"": 27, ""2021-2023"": 41}",28.36195652173913,27.95,26.35,30.7,2.1739130434782608,102.95481600045912,100.0,80.0,133.0,11.956521739130435,100.48913043478261,100.0,78.0,118.0,11.956521739130435,55.96739130434783,55.0,50.0,62.0,11.956521739130435,57.33695652173913,58.0,55.0,60.0,0.0,96.45760869565217,95.9,90.69999999999999,101.9,1.0869565217391304,10.208456791184215,10.485,7.96,13.015,13.043478260869565,2.1700505476849976,1.9,1.0350000000000001,3.325,9.782608695652174
expanded8_recent_equal,12,K12-C05,10,1.3736263736263736,"{""2015-2016"": 3, ""2017-2018"": 6, ""2021-2023"": 1}",24.65,23.85,22.175,27.85,0.0,77.36707088290582,74.0,55.0,92.0,10.0,124.5,118.0,113.0,136.0,10.0,59.3,57.5,47.25,64.0,0.0,58.1,58.5,56.25,59.75,0.0,86.6,84.25,83.625,92.2,0.0,4.023127362059576,4.465,2.425,6.725,0.0,41.767570277959116,41.155,28.2425,77.92,0.0
expanded8_recent_equal,12,K12-C11,56,7.6923076923076925,"{""2015-2016"": 18, ""2017-2018"": 17, ""2021-2023"": 21}",39.457142857142856,39.55,36.375,41.85,0.0,119.1606426086191,115.5,94.0,149.25,3.571428571428571,132.33928571428572,129.5,117.0,146.75,3.571428571428571,48.125,47.5,43.25,53.75,3.571428571428571,48.589285714285715,48.5,46.0,50.25,0.0,120.52678571428571,120.4,114.1,126.2,1.7857142857142856,20.431151849628208,20.585,14.59,30.715,3.571428571428571,7.356928447057047,6.7,4.734999999999999,10.4,1.7857142857142856
expanded8_recent_equal,13,K13-C09,44,6.043956043956044,"{""2015-2016"": 19, ""2017-2018"": 16, ""2021-2023"": 9}",31.052272727272726,30.75,27.525000000000002,34.575,0.0,192.95590068992024,190.0,161.25,251.25,0.0,192.8181818181818,183.5,171.75,198.25,0.0,46.52272727272727,46.5,40.75,52.0,0.0,54.86363636363637,55.0,52.75,58.0,0.0,105.16136363636363,103.7,99.94999999999999,112.25,2.272727272727273,13.74932155543963,14.02,9.9,18.115000000000002,2.272727272727273,4.868592442941897,4.695,2.9425,7.9475,0.0
expanded8_recent_equal,13,K13-C02,63,8.653846153846153,"{""2015-2016"": 21, ""2017-2018"": 17, ""2021-2023"": 25}",23.98888888888889,23.1,21.825,25.45,1.5873015873015872,58.43647136520451,61.5,46.5,72.5,1.5873015873015872,117.0,118.0,99.0,133.75,1.5873015873015872,73.11111111111111,73.0,66.0,78.0,0.0,57.79365079365079,58.0,56.0,59.5,0.0,85.41904761904762,84.75,80.125,89.275,1.5873015873015872,5.609218403715761,5.8,4.045,7.5600000000000005,0.0,1.076470383151766,0.71,0.515,1.3775,1.5873015873015872
expanded8_recent_equal,13,K13-C10,54,7.417582417582418,"{""2015-2016"": 19, ""2017-2018"": 20, ""2021-2023"": 15}",42.02777777777777,42.25,38.9,45.9,0.0,86.26170730569045,92.0,65.5,111.75,0.0,102.77777777777777,100.5,86.25,122.25,0.0,56.51851851851852,55.0,48.0,63.0,0.0,56.44444444444444,57.0,55.0,59.0,0.0,119.05925925925925,122.3,115.0,127.8,9.25925925925926,17.402575572739057,17.715,12.425,24.5025,0.0,11.979234052673606,12.02,7.9475,15.754999999999999,0.0
expanded8_recent_equal,13,K13-C12,38,5.21978021978022,"{""2015-2016"": 6, ""2017-2018"": 10, ""2021-2023"": 22}",36.75526315789473,35.9,34.1,39.6,2.631578947368421,211.37899822093976,210.0,156.25,281.5,0.0,95.94736842105263,94.5,77.5,116.25,5.263157894736842,44.18421052631579,45.5,37.0,50.0,0.0,54.76315789473684,55.0,52.25,57.75,0.0,115.19736842105263,115.94999999999999,108.425,125.75,5.263157894736842,36.1905592220788,31.055,23.9575,45.724999999999994,0.0,3.781373496652019,3.315,2.3649999999999998,6.050000000000001,0.0
expanded8_recent_equal,13,K13-C07,31,4.258241758241758,"{""2015-2016"": 11, ""2017-2018"": 10, ""2021-2023"": 10}",27.325806451612905,27.8,25.0,29.5,0.0,99.10791880524836,92.0,80.0,119.0,6.451612903225806,129.2258064516129,125.0,114.0,153.0,6.451612903225806,56.54838709677419,53.0,48.25,65.5,3.225806451612903,57.806451612903224,58.0,56.0,59.0,0.0,94.40322580645162,94.4,90.8,101.69999999999999,0.0,7.981816581647202,8.73,6.475,12.442499999999999,3.225806451612903,17.288609553970048,12.2,8.19,32.235,0.0
expanded8_recent_equal,13,K13-C04,75,10.302197802197801,"{""2015-2016"": 23, ""2017-2018"": 24, ""2021-2023"": 28}",27.357333333333333,27.6,24.5,29.7,2.666666666666667,80.58083366491313,75.0,63.5,100.0,5.333333333333334,116.49333333333334,120.0,101.5,134.0,5.333333333333334,58.32,57.0,51.0,66.0,5.333333333333334,49.52,50.0,48.0,51.0,0.0,92.60666666666667,93.0,86.4,98.3,2.666666666666667,7.454822872971396,6.74,5.08,10.2575,6.666666666666667,2.0714102657105276,1.7,0.9,4.005,5.333333333333334
expanded8_recent_equal,13,K13-C05,74,10.164835164835164,"{""2015-2016"": 20, ""2017-2018"": 21, ""2021-2023"": 33}",29.212162162162162,28.6,26.8,32.1,1.3513513513513513,99.24052797311113,99.0,80.0,128.0,12.162162162162163,92.41891891891892,89.0,75.0,109.0,12.162162162162163,55.432432432432435,54.0,48.0,61.0,12.162162162162163,57.0,57.0,55.0,60.0,0.0,98.02567567567567,97.25,92.125,103.075,0.0,10.409412070973305,10.545,8.1725,13.015,13.513513513513514,1.95682465265088,1.78,0.97,2.85,12.162162162162163
expanded8_recent_equal,13,K13-C03,73,10.027472527472527,"{""2015-2016"": 21, ""2017-2018"": 30, ""2021-2023"": 22}",24.424657534246577,24.3,22.1,26.7,0.0,111.96892881640592,108.0,93.5,133.75,4.10958904109589,157.12328767123287,155.5,143.0,171.5,4.10958904109589,56.89041095890411,56.0,52.0,64.0,2.73972602739726,55.534246575342465,55.0,54.0,58.0,0.0,85.69041095890411,85.0,79.0,92.1,0.0,7.315924813792816,6.95,5.225,9.485,2.73972602739726,1.292736257480056,1.1,0.6849999999999999,2.0525,1.36986301369863
expanded8_recent_equal,13,K13-C01,53,7.280219780219781,"{""2015-2016"": 22, ""2017-2018"": 17, ""2021-2023"": 14}",22.30943396226415,21.7,19.8,25.2,0.0,59.306214337606164,58.0,47.0,71.0,5.660377358490567,102.37735849056604,95.5,83.25,124.0,5.660377358490567,95.52830188679245,93.0,83.0,103.0,0.0,53.24528301886792,53.0,51.0,56.0,0.0,82.86226415094339,82.6,76.9,88.0,0.0,4.451912485640895,4.33,2.95,6.63,0.0,0.8886305751864411,0.6,0.38,1.8,0.0
expanded8_recent_equal,13,K13-C11,51,7.0054945054945055,"{""2015-2016"": 16, ""2017-2018"": 17, ""2021-2023"": 18}",39.1,39.3,36.3,41.400000000000006,0.0,112.54052697119967,115.0,91.0,140.0,3.9215686274509802,130.4313725490196,127.0,113.0,146.0,3.9215686274509802,47.6078431372549,47.0,40.0,53.0,3.9215686274509802,48.470588235294116,48.0,46.0,50.0,0.0,119.47058823529412,119.9,113.85,124.7,1.9607843137254901,20.14466244042226,19.54,15.5,29.92,3.9215686274509802,7.737257801576591,6.795,4.8149999999999995,11.7525,1.9607843137254901
expanded8_recent_equal,13,K13-C13,19,2.60989010989011,"{""2015-2016"": 7, ""2017-2018"": 7, ""2021-2023"": 5}",55.95789473684211,52.8,50.2,61.1,0.0,100.33364922418312,101.0,78.0,136.5,0.0,114.3157894736842,116.0,99.5,132.0,0.0,53.421052631578945,51.0,44.5,56.5,0.0,51.78947368421053,52.0,50.0,54.0,0.0,145.5421052631579,148.2,144.625,151.575,5.263157894736842,22.365662334458737,18.12,15.665,32.480000000000004,0.0,12.157275156304374,11.22,4.575,32.075,0.0
expanded8_recent_equal,13,K13-C06,63,8.653846153846153,"{""2015-2016"": 17, ""2017-2018"": 19, ""2021-2023"": 27}",34.9984126984127,34.7,32.225,37.375,1.5873015873015872,85.15250613395956,91.0,70.0,106.0,3.1746031746031744,142.3015873015873,142.0,126.0,155.0,3.1746031746031744,72.63492063492063,71.0,65.0,79.0,0.0,56.857142857142854,57.0,55.0,59.0,0.0,111.29206349206349,111.3,105.9,118.5,3.1746031746031744,9.350652164705265,9.835,6.6175,12.1075,1.5873015873015872,3.2286868922814684,3.56,1.795,5.109999999999999,0.0
expanded8_recent_equal,13,K13-C08,90,12.362637362637363,"{""2015-2016"": 27, ""2017-2018"": 26, ""2021-2023"": 37}",32.117777777777775,31.9,29.5,35.1,1.1111111111111112,196.54067787048152,178.0,146.25,240.0,0.0,123.3,125.0,106.25,141.75,8.88888888888889,48.15555555555556,47.0,41.0,54.75,0.0,56.24444444444445,56.0,54.0,58.0,0.0,106.19444444444444,105.0,101.6,111.3,1.1111111111111112,12.010764913284333,13.225,9.5725,15.21,0.0,3.6826286751061734,3.49,2.4025,5.6475,0.0
expanded8_recent_equal,14,K14-C14,29,3.983516483516483,"{""2015-2016"": 10, ""2017-2018"": 12, ""2021-2023"": 7}",52.69655172413793,50.3,48.4,54.5,0.0,93.11222868789513,97.0,72.0,110.0,0.0,111.89655172413794,112.0,97.0,125.0,0.0,53.06896551724138,51.0,45.0,58.0,0.0,51.758620689655174,52.0,50.0,54.0,0.0,140.53103448275863,143.95,133.075,149.425,3.4482758620689653,19.65307001672157,18.03,12.93,29.4,0.0,11.520394975812662,11.22,4.86,19.1,0.0
expanded8_recent_equal,14,K14-C12,52,7.142857142857142,"{""2015-2016"": 11, ""2017-2018"": 13, ""2021-2023"": 28}",35.82884615384616,35.1,33.150000000000006,39.099999999999994,1.9230769230769231,166.59646500246922,160.5,137.25,208.25,0.0,92.17307692307692,94.0,78.0,106.5,0.0,46.13461538461538,45.0,39.75,51.25,0.0,56.80769230769231,57.0,55.0,59.0,0.0,115.47307692307693,115.2,107.6,122.3,1.9230769230769231,26.444293999225604,26.625,16.365000000000002,37.73,0.0,3.2883332734138544,3.04,2.445,5.045,1.9230769230769231
expanded8_recent_equal,14,K14-C07,89,12.225274725274724,"{""2015-2016"": 28, ""2017-2018"": 24, ""2021-2023"": 37}",28.05056179775281,27.8,26.15,30.3,2.247191011235955,98.18948226930705,97.0,80.0,123.0,13.48314606741573,102.6067415730337,103.0,79.0,121.0,13.48314606741573,55.853932584269664,55.0,51.0,62.0,13.48314606741573,57.19101123595506,57.0,55.0,60.0,0.0,95.2685393258427,94.65,90.4,100.5,1.1235955056179776,9.542772194883419,9.695,6.880000000000001,12.585,14.606741573033707,2.142235630544601,1.7850000000000001,1.0475,3.405,10.112359550561797
expanded8_recent_equal,14,K14-C06,70,9.615384615384617,"{""2015-2016"": 20, ""2017-2018"": 25, ""2021-2023"": 25}",28.242857142857144,28.0,25.5,31.1,1.4285714285714286,80.85550678954138,77.5,63.0,100.0,5.714285714285714,117.01428571428572,119.5,102.25,134.75,5.714285714285714,57.0,56.5,51.0,63.0,5.714285714285714,49.67142857142857,50.5,48.0,51.0,0.0,95.06714285714285,94.25,89.125,101.175,2.857142857142857,8.82627656137528,8.81,6.26,12.35,7.142857142857142,2.295671374829705,1.82,1.0,4.24,5.714285714285714
expanded8_recent_equal,14,K14-C11,56,7.6923076923076925,"{""2015-2016"": 17, ""2017-2018"": 24, ""2021-2023"": 15}",39.846428571428575,40.3,36.849999999999994,43.9,1.7857142857142856,88.57570314263336,92.0,67.75,113.5,0.0,105.5,106.5,87.0,124.0,0.0,55.339285714285715,54.0,47.0,63.0,0.0,56.42857142857143,57.0,54.75,59.0,0.0,115.53392857142858,117.25,109.7,125.2,10.714285714285714,16.23084508957115,16.810000000000002,11.89,22.21,0.0,13.775555633166812,12.82,8.865,16.27,0.0
expanded8_recent_equal,14,K14-C13,52,7.142857142857142,"{""2015-2016"": 17, ""2017-2018"": 14, ""2021-2023"": 21}",38.18076923076923,38.4,35.6,40.425,0.0,132.3785030360378,120.5,101.25,171.25,3.8461538461538463,133.90384615384616,131.0,117.0,155.0,5.769230769230769,46.78846153846154,47.0,39.0,51.0,3.8461538461538463,48.78846153846154,48.0,46.0,51.0,0.0,117.3,118.75,111.5,123.5,3.8461538461538463,22.056592800438672,20.585,16.182499999999997,30.715,3.8461538461538463,7.300327896611335,6.77,4.87,9.75,1.9230769230769231
expanded8_recent_equal,14,K14-C03,64,8.791208791208792,"{""2015-2016"": 21, ""2017-2018"": 17, ""2021-2023"": 26}",22.953125,22.5,20.75,24.35,0.0,58.92921711762268,61.0,46.5,75.0,1.5625,112.359375,115.0,90.5,133.0,1.5625,74.5625,74.5,68.0,80.0,0.0,57.6875,58.0,56.0,59.25,0.0,83.1125,82.5,77.7,88.275,0.0,5.0101772502451425,5.45,3.415,7.26,0.0,1.0071941690242525,0.66,0.5,1.3,1.5625
expanded8_recent_equal,14,K14-C10,69,9.478021978021978,"{""2015-2016"": 30, ""2017-2018"": 23, ""2021-2023"": 16}",32.028985507246375,31.8,29.0,35.4,0.0,173.28287599334448,174.0,137.0,199.0,0.0,175.68115942028987,168.0,153.0,189.0,0.0,48.405797101449274,48.0,43.0,53.0,0.0,56.04347826086956,56.0,54.0,59.0,0.0,105.98550724637681,104.0,100.3,112.65,1.4492753623188406,13.086228548267902,13.9,9.47,16.89,0.0,4.891545521720138,4.58,2.99,7.57,0.0
expanded8_recent_equal,14,K14-C09,51,7.0054945054945055,"{""2015-2016"": 13, ""2017-2018"": 14, ""2021-2023"": 24}",29.856862745098038,29.5,27.5,31.65,0.0,268.2371672143853,247.0,209.5,318.5,0.0,117.56862745098039,118.0,104.0,133.75,17.647058823529413,47.13725490196079,45.0,37.0,54.5,0.0,55.03921568627451,55.0,53.0,58.0,0.0,101.13725490196079,102.4,96.8,105.8,0.0,11.39601113374502,12.64,9.26,14.42,0.0,3.544393054031354,3.18,2.295,5.38,0.0
expanded8_recent_equal,14,K14-C08,69,9.478021978021978,"{""2015-2016"": 18, ""2017-2018"": 20, ""2021-2023"": 31}",34.846376811594205,34.650000000000006,31.8,37.225,1.4492753623188406,88.05868948655974,93.0,72.0,114.0,2.898550724637681,140.28985507246378,142.0,124.5,154.5,2.898550724637681,70.04347826086956,69.0,64.0,77.0,0.0,56.94202898550725,57.0,55.0,59.0,0.0,110.71739130434783,111.0,104.1,117.95,2.898550724637681,9.71369232657198,9.955,7.59,12.24,1.4492753623188406,3.424215438883809,3.42,1.9,5.4,0.0
expanded8_recent_equal,14,K14-C02,29,3.983516483516483,"{""2015-2016"": 14, ""2017-2018"": 9, ""2021-2023"": 6}",24.806896551724137,24.9,20.4,26.2,0.0,58.15196446607252,56.0,50.5,72.5,6.896551724137931,107.72413793103448,105.0,89.5,125.0,6.896551724137931,105.37931034482759,101.0,96.0,112.0,0.0,55.82758620689655,56.0,53.0,58.0,0.0,89.24137931034483,87.3,82.2,93.6,0.0,6.1564065056323525,6.75,3.93,8.42,0.0,1.3593260069713269,1.37,0.5,2.3,0.0
expanded8_recent_equal,14,K14-C04,58,7.967032967032966,"{""2015-2016"": 16, ""2017-2018"": 23, ""2021-2023"": 19}",24.082758620689656,24.05,22.025,26.0,0.0,113.82551704483011,109.0,98.0,135.0,1.7241379310344827,163.58620689655172,161.0,149.0,179.0,1.7241379310344827,57.189655172413794,56.5,51.0,64.75,0.0,55.241379310344826,55.0,53.0,57.0,0.0,84.90172413793104,84.44999999999999,79.125,90.95,0.0,6.862961031845183,6.73,5.12,8.65,1.7241379310344827,1.0093669135602583,0.985,0.6,1.3775,0.0
expanded8_recent_equal,14,K14-C05,8,1.098901098901099,"{""2015-2016"": 2, ""2017-2018"": 5, ""2021-2023"": 1}",22.987499999999997,22.75,21.25,25.375,0.0,75.15171827060213,73.0,55.0,87.5,12.5,127.25,129.0,114.5,145.0,12.5,58.125,51.0,47.0,63.75,0.0,58.125,58.5,56.75,59.25,0.0,83.9375,84.0,81.5,86.275,0.0,3.37285805798218,3.38,1.895,6.475,0.0,47.63197832332624,41.155,29.9275,93.04,0.0
expanded8_recent_equal,14,K14-C01,32,4.395604395604396,"{""2015-2016"": 12, ""2017-2018"": 11, ""2021-2023"": 9}",22.9625,22.6,20.55,24.85,3.125,62.422675476766656,63.0,50.5,69.5,3.125,111.375,110.0,85.5,140.0,3.125,80.125,78.5,71.75,90.0,0.0,49.4375,50.0,47.0,52.0,0.0,81.8375,80.25,76.275,86.1,0.0,3.554815609312606,3.63,2.6225,4.7625,0.0,0.9496508676928411,0.55,0.4,1.2525,0.0
expanded8_recent_equal,15,K15-C09,63,8.653846153846153,"{""2015-2016"": 17, ""2017-2018"": 16, ""2021-2023"": 30}",30.696825396825396,30.2,28.0,33.1,0.0,238.6941101285271,219.0,177.0,291.5,0.0,111.41269841269842,107.5,95.75,123.75,14.285714285714285,46.98412698412699,45.0,39.0,54.0,0.0,55.23809523809524,55.0,54.0,57.5,0.0,102.55238095238096,103.8,98.6,106.7,0.0,12.1943832832034,13.04,10.21,15.495000000000001,0.0,3.795860376263714,3.32,2.465,5.635,0.0
expanded8_recent_equal,15,K15-C01,25,3.4340659340659343,"{""2015-2016"": 13, ""2017-2018"": 6, ""2021-2023"": 6}",24.796,24.9,20.4,26.2,0.0,55.43033411526312,55.5,47.25,69.5,4.0,106.24,102.5,90.0,123.75,4.0,107.36,103.0,97.0,120.0,0.0,56.28,57.0,54.0,59.0,0.0,88.624,86.6,81.8,93.6,0.0,6.338311519034534,6.75,4.33,8.42,0.0,1.4246379963048434,1.37,0.52,2.3,0.0
expanded8_recent_equal,15,K15-C13,48,6.593406593406594,"{""2015-2016"": 16, ""2017-2018"": 15, ""2021-2023"": 17}",39.99166666666667,39.900000000000006,36.724999999999994,42.324999999999996,0.0,107.52544865038004,110.0,82.75,136.75,4.166666666666666,127.875,123.5,110.0,139.5,4.166666666666666,47.916666666666664,47.0,41.5,53.75,4.166666666666666,47.979166666666664,47.5,46.0,50.0,0.0,121.32291666666666,121.4,113.9,128.65,2.083333333333333,19.40398349123177,19.314999999999998,15.3125,29.9425,4.166666666666666,7.389372484148047,6.3,4.575,10.85,2.083333333333333
expanded8_recent_equal,15,K15-C06,69,9.478021978021978,"{""2015-2016"": 19, ""2017-2018"": 20, ""2021-2023"": 30}",28.605797101449276,28.5,26.6,30.9,0.0,96.76703026610623,97.0,80.0,127.0,8.695652173913043,90.69565217391303,88.0,74.0,109.5,8.695652173913043,55.594202898550726,54.0,48.0,61.5,8.695652173913043,56.869565217391305,57.0,55.0,60.0,0.0,97.02608695652174,96.6,91.1,102.4,0.0,10.27653875312317,10.344999999999999,8.057500000000001,13.145,10.144927536231885,1.8342481536445476,1.66,0.895,2.66,8.695652173913043
expanded8_recent_equal,15,K15-C08,70,9.615384615384617,"{""2015-2016"": 19, ""2017-2018"": 17, ""2021-2023"": 34}",31.934285714285714,32.05,29.35,34.075,2.857142857142857,89.56651544044396,92.5,74.25,116.5,5.714285714285714,142.0,142.0,126.25,154.75,5.714285714285714,68.11428571428571,69.0,62.0,74.75,5.714285714285714,57.44285714285714,58.0,56.0,59.0,0.0,103.91714285714286,103.2,97.8,108.19999999999999,2.857142857142857,9.668545023731271,9.445,7.825,12.075,5.714285714285714,4.235364847721057,4.23,2.715,7.2,4.285714285714286
expanded8_recent_equal,15,K15-C05,72,9.89010989010989,"{""2015-2016"": 24, ""2017-2018"": 22, ""2021-2023"": 26}",28.554166666666667,28.0,25.700000000000003,31.299999999999997,1.3888888888888888,81.25291083595724,77.5,62.75,100.0,5.555555555555555,119.55555555555556,122.0,106.75,135.0,5.555555555555555,58.18055555555556,57.0,51.0,64.0,5.555555555555555,49.80555555555556,51.0,48.0,51.25,0.0,95.75138888888888,94.55,89.475,102.3,2.7777777777777777,8.516923395252595,8.14,6.1475,11.785,8.333333333333332,2.3614721335473376,1.9,1.0075,4.2675,5.555555555555555
expanded8_recent_equal,15,K15-C11,50,6.868131868131869,"{""2015-2016"": 14, ""2017-2018"": 22, ""2021-2023"": 14}",37.196,36.75,34.375,39.775,0.0,133.0518090916655,132.0,113.25,158.5,4.0,136.57999999999998,141.0,123.0,154.0,4.0,50.54,49.0,42.0,56.0,0.0,57.86,58.0,56.25,60.0,0.0,117.236,117.85,112.5,122.07499999999999,0.0,12.347790358212572,13.504999999999999,8.4575,17.46,0.0,3.2272136269909635,3.205,2.1025,4.5225,0.0
expanded8_recent_equal,15,K15-C04,68,9.340659340659341,"{""2015-2016"": 19, ""2017-2018"": 28, ""2021-2023"": 21}",23.87794117647059,23.95,21.075000000000003,26.0,0.0,113.86010117471587,109.0,98.0,135.0,4.411764705882353,156.98529411764707,158.0,142.0,174.0,4.411764705882353,57.25,56.0,52.0,64.75,2.941176470588235,55.470588235294116,55.0,53.75,58.0,0.0,84.50441176470588,84.0,78.5,90.45,0.0,7.017516542176292,6.925000000000001,5.125,8.665,2.941176470588235,1.121737349613863,1.02,0.6,1.4249999999999998,1.4705882352941175
expanded8_recent_equal,15,K15-C07,11,1.510989010989011,"{""2015-2016"": 4, ""2017-2018"": 6, ""2021-2023"": 1}",24.936363636363637,24.9,22.35,28.0,0.0,77.42439974014957,76.0,59.5,89.75,9.090909090909092,120.9090909090909,116.0,111.5,134.25,9.090909090909092,57.45454545454545,54.0,47.0,64.0,0.0,58.09090909090909,58.0,56.5,59.5,0.0,87.93636363636364,84.5,83.75,94.35,0.0,4.591090864279924,5.51,2.73,6.925,0.0,40.13864643528128,33.7,27.15,68.39,0.0
expanded8_recent_equal,15,K15-C15,22,3.021978021978022,"{""2015-2016"": 9, ""2017-2018"": 8, ""2021-2023"": 5}",54.57727272727273,52.05,49.2,59.55,0.0,87.12613645122089,88.0,61.25,109.75,0.0,110.5,112.0,95.5,124.5,0.0,55.5,51.0,46.25,61.0,0.0,52.68181818181818,53.0,51.25,54.0,0.0,141.7,144.7,134.2,149.8,4.545454545454546,20.273782226366034,18.075000000000003,15.1125,28.349999999999998,0.0,15.611789154849683,13.004999999999999,6.285,36.0575,0.0
expanded8_recent_equal,15,K15-C14,32,4.395604395604396,"{""2015-2016"": 6, ""2017-2018"": 6, ""2021-2023"": 20}",36.609375,35.9,33.900000000000006,39.25,3.125,203.33340464476976,201.0,150.0,280.5,0.0,94.375,92.0,76.0,117.5,3.125,44.375,45.0,37.0,49.25,0.0,55.25,55.0,53.0,58.0,0.0,115.7875,116.65,108.775,125.325,6.25,42.21773749017697,37.12,27.845,51.5925,0.0,4.393733614638436,4.16,2.6075,7.7075000000000005,0.0
expanded8_recent_equal,15,K15-C10,51,7.0054945054945055,"{""2015-2016"": 21, ""2017-2018"": 18, ""2021-2023"": 12}",30.809803921568626,30.6,27.6,33.7,0.0,185.42795922571617,184.0,155.5,216.0,0.0,186.7843137254902,175.0,162.5,194.0,0.0,47.431372549019606,48.0,43.0,52.0,0.0,54.529411764705884,54.0,52.5,57.5,0.0,104.38627450980393,103.6,99.875,111.425,1.9607843137254901,13.894410900770318,14.094999999999999,10.225000000000001,18.1675,1.9607843137254901,5.2617535893613185,5.5,3.4299999999999997,8.32,0.0
expanded8_recent_equal,15,K15-C12,49,6.730769230769231,"{""2015-2016"": 16, ""2017-2018"": 19, ""2021-2023"": 14}",41.14081632653061,41.2,37.9,44.1,2.0408163265306123,90.64310364757836,96.0,74.0,112.0,0.0,103.24489795918367,100.0,87.0,124.0,0.0,56.775510204081634,54.0,48.0,63.0,0.0,56.61224489795919,57.0,55.0,59.0,0.0,117.4265306122449,121.5,114.5,126.2,12.244897959183673,18.305186712343748,18.39,12.73,24.85,0.0,11.337204216070027,12.15,7.93,15.29,0.0
expanded8_recent_equal,15,K15-C03,64,8.791208791208792,"{""2015-2016"": 20, ""2017-2018"": 18, ""2021-2023"": 26}",23.0859375,22.5,20.85,24.4,1.5625,59.10128981023229,62.0,46.5,77.5,1.5625,111.984375,115.0,90.5,132.5,1.5625,74.703125,74.5,67.75,80.5,0.0,57.59375,58.0,56.0,59.0,0.0,83.55,82.8,78.05,88.35,1.5625,4.859800080801364,5.215,3.0975,6.98,0.0,0.999120360325249,0.66,0.5,1.3,1.5625
expanded8_recent_equal,15,K15-C02,34,4.670329670329671,"{""2015-2016"": 12, ""2017-2018"": 13, ""2021-2023"": 9}",23.21764705882353,22.6,20.8,24.9,2.941176470588235,62.86776691989575,63.0,50.75,69.25,5.88235294117647,110.55882352941177,107.0,86.25,134.75,5.88235294117647,81.47058823529412,83.0,72.5,91.5,0.0,49.73529411764706,50.5,47.25,52.0,0.0,83.2235294117647,82.1,76.725,88.67500000000001,0.0,3.6871241252370206,3.6550000000000002,2.7375,4.827500000000001,0.0,0.8485324527775195,0.5,0.385,1.15,0.0
