specification,k,method,replicate,held_out_cycle,ari
expanded8_recent_equal,2,bootstrap_refit,1,,0.9510935308308671
expanded8_recent_equal,2,bootstrap_refit,2,,0.9564671382782131
expanded8_recent_equal,2,bootstrap_refit,3,,0.8671726418883607
expanded8_recent_equal,2,bootstrap_refit,4,,0.8981893455533628
expanded8_recent_equal,2,bootstrap_refit,5,,0.9564671382782131
expanded8_recent_equal,2,bootstrap_refit,6,,0.8723042852994041
expanded8_recent_equal,2,bootstrap_refit,7,,0.9510935593026447
expanded8_recent_equal,2,bootstrap_refit,8,,0.9403917574745159
expanded8_recent_equal,2,bootstrap_refit,9,,0.9191695873519883
expanded8_recent_equal,2,bootstrap_refit,10,,0.9191694663485992
expanded8_recent_equal,2,bootstrap_refit,11,,0.8266639679307843
expanded8_recent_equal,2,bootstrap_refit,12,,0.8417412843654438
expanded8_recent_equal,2,bootstrap_refit,13,,0.9139018453358954
expanded8_recent_equal,2,bootstrap_refit,14,,0.7533195279558893
expanded8_recent_equal,2,bootstrap_refit,15,,0.9297504326361377
expanded8_recent_equal,2,bootstrap_refit,16,,0.935063505567541
expanded8_recent_equal,2,bootstrap_refit,17,,0.8723042852994041
expanded8_recent_equal,2,bootstrap_refit,18,,0.821668447179642
expanded8_recent_equal,2,bootstrap_refit,19,,0.8266639679307843
expanded8_recent_equal,2,bootstrap_refit,20,,0.9403917574745159
expanded8_recent_equal,2,bootstrap_refit,21,,0.9890260842626369
expanded8_recent_equal,2,bootstrap_refit,22,,0.9781126336013913
expanded8_recent_equal,2,bootstrap_refit,23,,0.9350635352706206
expanded8_recent_equal,2,bootstrap_refit,24,,0.9510935593026447
expanded8_recent_equal,2,bootstrap_refit,25,,0.9139018453358954
expanded8_recent_equal,2,bootstrap_refit,26,,0.8671726418883607
expanded8_recent_equal,2,bootstrap_refit,27,,0.9086492241563612
expanded8_recent_equal,2,bootstrap_refit,28,,0.97267858351933
expanded8_recent_equal,2,bootstrap_refit,29,,0.8981893455533628
expanded8_recent_equal,2,bootstrap_refit,30,,0.9350635352706206
expanded8_recent_equal,2,leave_cycle_out,1,2015-2016,0.9480572973250764
expanded8_recent_equal,2,leave_cycle_out,2,2017-2018,0.9829057893442034
expanded8_recent_equal,2,leave_cycle_out,3,2021-2023,0.8542031563317579
expanded8_recent_equal,3,bootstrap_refit,1,,0.7846953175293386
expanded8_recent_equal,3,bootstrap_refit,2,,0.9070106207094023
expanded8_recent_equal,3,bootstrap_refit,3,,0.8287332698259443
expanded8_recent_equal,3,bootstrap_refit,4,,0.7444412394494778
expanded8_recent_equal,3,bootstrap_refit,5,,0.7878312712046509
expanded8_recent_equal,3,bootstrap_refit,6,,0.8493213846574297
expanded8_recent_equal,3,bootstrap_refit,7,,0.8442620090996995
expanded8_recent_equal,3,bootstrap_refit,8,,0.6149310721061011
expanded8_recent_equal,3,bootstrap_refit,9,,0.9517057156030257
expanded8_recent_equal,3,bootstrap_refit,10,,0.9012514638495429
expanded8_recent_equal,3,bootstrap_refit,11,,0.9539977060320071
expanded8_recent_equal,3,bootstrap_refit,12,,0.895371009885722
expanded8_recent_equal,3,bootstrap_refit,13,,0.9056240763081015
expanded8_recent_equal,3,bootstrap_refit,14,,0.8997715775588101
expanded8_recent_equal,3,bootstrap_refit,15,,0.77934647980967
expanded8_recent_equal,3,bootstrap_refit,16,,0.7876218568628891
expanded8_recent_equal,3,bootstrap_refit,17,,0.9626554704697862
expanded8_recent_equal,3,bootstrap_refit,18,,0.9198500698199892
expanded8_recent_equal,3,bootstrap_refit,19,,0.928145326269132
expanded8_recent_equal,3,bootstrap_refit,20,,0.8522572337312302
expanded8_recent_equal,3,bootstrap_refit,21,,0.9111069968008526
expanded8_recent_equal,3,bootstrap_refit,22,,0.6064623917604922
expanded8_recent_equal,3,bootstrap_refit,23,,0.7900044981519477
expanded8_recent_equal,3,bootstrap_refit,24,,0.8044340209588049
expanded8_recent_equal,3,bootstrap_refit,25,,0.9525813850703105
expanded8_recent_equal,3,bootstrap_refit,26,,0.8518297894401666
expanded8_recent_equal,3,bootstrap_refit,27,,0.873766071401876
expanded8_recent_equal,3,bootstrap_refit,28,,0.966259891463887
expanded8_recent_equal,3,bootstrap_refit,29,,0.7982257832979552
expanded8_recent_equal,3,bootstrap_refit,30,,0.7339410625418651
expanded8_recent_equal,3,leave_cycle_out,1,2015-2016,0.9726296325035925
expanded8_recent_equal,3,leave_cycle_out,2,2017-2018,0.9863719251925195
expanded8_recent_equal,3,leave_cycle_out,3,2021-2023,0.9563749596345168
expanded8_recent_equal,4,bootstrap_refit,1,,0.745382067362921
expanded8_recent_equal,4,bootstrap_refit,2,,0.38966563594200254
expanded8_recent_equal,4,bootstrap_refit,3,,0.6555291831898269
expanded8_recent_equal,4,bootstrap_refit,4,,0.3210898555640089
expanded8_recent_equal,4,bootstrap_refit,5,,0.3457030714702574
expanded8_recent_equal,4,bootstrap_refit,6,,0.4081986773033041
expanded8_recent_equal,4,bootstrap_refit,7,,0.6103630956239239
expanded8_recent_equal,4,bootstrap_refit,8,,0.575631134469078
expanded8_recent_equal,4,bootstrap_refit,9,,0.3334160779437446
expanded8_recent_equal,4,bootstrap_refit,10,,0.5002553024620896
expanded8_recent_equal,4,bootstrap_refit,11,,0.6145261568086213
expanded8_recent_equal,4,bootstrap_refit,12,,0.5255956900072861
expanded8_recent_equal,4,bootstrap_refit,13,,0.32741167715514824
expanded8_recent_equal,4,bootstrap_refit,14,,0.5610381035046657
expanded8_recent_equal,4,bootstrap_refit,15,,0.7853478519385702
expanded8_recent_equal,4,bootstrap_refit,16,,0.29847821504249966
expanded8_recent_equal,4,bootstrap_refit,17,,0.8293174636876706
expanded8_recent_equal,4,bootstrap_refit,18,,0.6600867431191507
expanded8_recent_equal,4,bootstrap_refit,19,,0.4148959682423054
expanded8_recent_equal,4,bootstrap_refit,20,,0.5389355438448041
expanded8_recent_equal,4,bootstrap_refit,21,,0.4172776777934913
expanded8_recent_equal,4,bootstrap_refit,22,,0.3847672804736917
expanded8_recent_equal,4,bootstrap_refit,23,,0.6935711419354985
expanded8_recent_equal,4,bootstrap_refit,24,,0.4201829581258649
expanded8_recent_equal,4,bootstrap_refit,25,,0.853297259943288
expanded8_recent_equal,4,bootstrap_refit,26,,0.559379176880236
expanded8_recent_equal,4,bootstrap_refit,27,,0.695856984896816
expanded8_recent_equal,4,bootstrap_refit,28,,0.36088274520917213
expanded8_recent_equal,4,bootstrap_refit,29,,0.3805011664274368
expanded8_recent_equal,4,bootstrap_refit,30,,0.44208824563637555
expanded8_recent_equal,4,leave_cycle_out,1,2015-2016,0.462128961838343
expanded8_recent_equal,4,leave_cycle_out,2,2017-2018,0.9337474413031187
expanded8_recent_equal,4,leave_cycle_out,3,2021-2023,0.6916128753419425
expanded8_recent_equal,5,bootstrap_refit,1,,0.510403935144495
expanded8_recent_equal,5,bootstrap_refit,2,,0.3244603981626156
expanded8_recent_equal,5,bootstrap_refit,3,,0.39596015480732133
expanded8_recent_equal,5,bootstrap_refit,4,,0.7444897584391541
expanded8_recent_equal,5,bootstrap_refit,5,,0.41537251907674155
expanded8_recent_equal,5,bootstrap_refit,6,,0.3945305216951015
expanded8_recent_equal,5,bootstrap_refit,7,,0.7256991436383189
expanded8_recent_equal,5,bootstrap_refit,8,,0.677100665152116
expanded8_recent_equal,5,bootstrap_refit,9,,0.5204125916510047
expanded8_recent_equal,5,bootstrap_refit,10,,0.6539268320289363
expanded8_recent_equal,5,bootstrap_refit,11,,0.5172903701714069
expanded8_recent_equal,5,bootstrap_refit,12,,0.7739106317749881
expanded8_recent_equal,5,bootstrap_refit,13,,0.506317941840421
expanded8_recent_equal,5,bootstrap_refit,14,,0.3689186951041427
expanded8_recent_equal,5,bootstrap_refit,15,,0.6857719526890705
expanded8_recent_equal,5,bootstrap_refit,16,,0.4314626952943644
expanded8_recent_equal,5,bootstrap_refit,17,,0.6368871268346986
expanded8_recent_equal,5,bootstrap_refit,18,,0.5266144337256318
expanded8_recent_equal,5,bootstrap_refit,19,,0.3756310565320471
expanded8_recent_equal,5,bootstrap_refit,20,,0.8397888449284135
expanded8_recent_equal,5,bootstrap_refit,21,,0.6146562965399764
expanded8_recent_equal,5,bootstrap_refit,22,,0.5136580466346605
expanded8_recent_equal,5,bootstrap_refit,23,,0.7266629623682123
expanded8_recent_equal,5,bootstrap_refit,24,,0.7106412848672349
expanded8_recent_equal,5,bootstrap_refit,25,,0.48996560435691144
expanded8_recent_equal,5,bootstrap_refit,26,,0.6012328111127043
expanded8_recent_equal,5,bootstrap_refit,27,,0.4620972008641475
expanded8_recent_equal,5,bootstrap_refit,28,,0.7417456861708638
expanded8_recent_equal,5,bootstrap_refit,29,,0.526076816041614
expanded8_recent_equal,5,bootstrap_refit,30,,0.7044893028272871
expanded8_recent_equal,5,leave_cycle_out,1,2015-2016,0.4102856609317677
expanded8_recent_equal,5,leave_cycle_out,2,2017-2018,0.6465831075027046
expanded8_recent_equal,5,leave_cycle_out,3,2021-2023,0.7947497803519418
expanded8_recent_equal,6,bootstrap_refit,1,,0.8820889734284285
expanded8_recent_equal,6,bootstrap_refit,2,,0.4440006567195332
expanded8_recent_equal,6,bootstrap_refit,3,,0.49271771518510465
expanded8_recent_equal,6,bootstrap_refit,4,,0.7352227593822493
expanded8_recent_equal,6,bootstrap_refit,5,,0.4826294865187188
expanded8_recent_equal,6,bootstrap_refit,6,,0.4882893100741874
expanded8_recent_equal,6,bootstrap_refit,7,,0.43580033388434586
expanded8_recent_equal,6,bootstrap_refit,8,,0.4689916416997789
expanded8_recent_equal,6,bootstrap_refit,9,,0.42601343459188346
expanded8_recent_equal,6,bootstrap_refit,10,,0.5984718269324606
expanded8_recent_equal,6,bootstrap_refit,11,,0.8419664207332371
expanded8_recent_equal,6,bootstrap_refit,12,,0.49772932276592496
expanded8_recent_equal,6,bootstrap_refit,13,,0.38922448381206015
expanded8_recent_equal,6,bootstrap_refit,14,,0.4756157621967789
expanded8_recent_equal,6,bootstrap_refit,15,,0.7515670756193059
expanded8_recent_equal,6,bootstrap_refit,16,,0.5247552354647638
expanded8_recent_equal,6,bootstrap_refit,17,,0.6916613335643714
expanded8_recent_equal,6,bootstrap_refit,18,,0.5013187042724617
expanded8_recent_equal,6,bootstrap_refit,19,,0.4962527620874721
expanded8_recent_equal,6,bootstrap_refit,20,,0.45727778058886986
expanded8_recent_equal,6,bootstrap_refit,21,,0.39804761713967707
expanded8_recent_equal,6,bootstrap_refit,22,,0.42893507608277426
expanded8_recent_equal,6,bootstrap_refit,23,,0.3778294892310433
expanded8_recent_equal,6,bootstrap_refit,24,,0.710015506815278
expanded8_recent_equal,6,bootstrap_refit,25,,0.5416984135681667
expanded8_recent_equal,6,bootstrap_refit,26,,0.4905868435241213
expanded8_recent_equal,6,bootstrap_refit,27,,0.44937296670532983
expanded8_recent_equal,6,bootstrap_refit,28,,0.4316545105323281
expanded8_recent_equal,6,bootstrap_refit,29,,0.5102957498430175
expanded8_recent_equal,6,bootstrap_refit,30,,0.6638750086002807
expanded8_recent_equal,6,leave_cycle_out,1,2015-2016,0.6084088103048305
expanded8_recent_equal,6,leave_cycle_out,2,2017-2018,0.9074948428683125
expanded8_recent_equal,6,leave_cycle_out,3,2021-2023,0.38497291884244506
expanded8_recent_equal,7,bootstrap_refit,1,,0.38956954355831874
expanded8_recent_equal,7,bootstrap_refit,2,,0.5233298670426522
expanded8_recent_equal,7,bootstrap_refit,3,,0.5764397205471253
expanded8_recent_equal,7,bootstrap_refit,4,,0.5809943605349237
expanded8_recent_equal,7,bootstrap_refit,5,,0.810158285963122
expanded8_recent_equal,7,bootstrap_refit,6,,0.5207528927223751
expanded8_recent_equal,7,bootstrap_refit,7,,0.507840984568345
expanded8_recent_equal,7,bootstrap_refit,8,,0.7216749798763934
expanded8_recent_equal,7,bootstrap_refit,9,,0.5608722174392592
expanded8_recent_equal,7,bootstrap_refit,10,,0.6421591387739782
expanded8_recent_equal,7,bootstrap_refit,11,,0.6052981391536804
expanded8_recent_equal,7,bootstrap_refit,12,,0.6610895833834853
expanded8_recent_equal,7,bootstrap_refit,13,,0.5840077028491101
expanded8_recent_equal,7,bootstrap_refit,14,,0.5211104529058854
expanded8_recent_equal,7,bootstrap_refit,15,,0.7466056135078303
expanded8_recent_equal,7,bootstrap_refit,16,,0.6897569678531486
expanded8_recent_equal,7,bootstrap_refit,17,,0.5355925108918338
expanded8_recent_equal,7,bootstrap_refit,18,,0.7971177358251438
expanded8_recent_equal,7,bootstrap_refit,19,,0.5728172670738853
expanded8_recent_equal,7,bootstrap_refit,20,,0.5960846992249262
expanded8_recent_equal,7,bootstrap_refit,21,,0.7921184760562122
expanded8_recent_equal,7,bootstrap_refit,22,,0.5111297314948003
expanded8_recent_equal,7,bootstrap_refit,23,,0.8486736030125446
expanded8_recent_equal,7,bootstrap_refit,24,,0.7428082504391679
expanded8_recent_equal,7,bootstrap_refit,25,,0.698851396778421
expanded8_recent_equal,7,bootstrap_refit,26,,0.46608798393934686
expanded8_recent_equal,7,bootstrap_refit,27,,0.7464336865335635
expanded8_recent_equal,7,bootstrap_refit,28,,0.5510849694461624
expanded8_recent_equal,7,bootstrap_refit,29,,0.44498708839214074
expanded8_recent_equal,7,bootstrap_refit,30,,0.5495931674957967
expanded8_recent_equal,7,leave_cycle_out,1,2015-2016,0.864354695613139
expanded8_recent_equal,7,leave_cycle_out,2,2017-2018,0.9515149441682726
expanded8_recent_equal,7,leave_cycle_out,3,2021-2023,0.2819503099707529
expanded8_recent_equal,8,bootstrap_refit,1,,0.5974757168665776
expanded8_recent_equal,8,bootstrap_refit,2,,0.7082898760278253
expanded8_recent_equal,8,bootstrap_refit,3,,0.6668498907371506
expanded8_recent_equal,8,bootstrap_refit,4,,0.4365270960707528
expanded8_recent_equal,8,bootstrap_refit,5,,0.7393866336415932
expanded8_recent_equal,8,bootstrap_refit,6,,0.7150739623411647
expanded8_recent_equal,8,bootstrap_refit,7,,0.6521732604206144
expanded8_recent_equal,8,bootstrap_refit,8,,0.6241642164276325
expanded8_recent_equal,8,bootstrap_refit,9,,0.4040308174899414
expanded8_recent_equal,8,bootstrap_refit,10,,0.7321997572190071
expanded8_recent_equal,8,bootstrap_refit,11,,0.5319869826527697
expanded8_recent_equal,8,bootstrap_refit,12,,0.6039267046817378
expanded8_recent_equal,8,bootstrap_refit,13,,0.5682700867087195
expanded8_recent_equal,8,bootstrap_refit,14,,0.8558378185911073
expanded8_recent_equal,8,bootstrap_refit,15,,0.6787578203542729
expanded8_recent_equal,8,bootstrap_refit,16,,0.6570345941202762
expanded8_recent_equal,8,bootstrap_refit,17,,0.6440115292920524
expanded8_recent_equal,8,bootstrap_refit,18,,0.6621409418758131
expanded8_recent_equal,8,bootstrap_refit,19,,0.5624352251660609
expanded8_recent_equal,8,bootstrap_refit,20,,0.574443200507582
expanded8_recent_equal,8,bootstrap_refit,21,,0.6477633586983235
expanded8_recent_equal,8,bootstrap_refit,22,,0.48854349610826364
expanded8_recent_equal,8,bootstrap_refit,23,,0.5520001234025187
expanded8_recent_equal,8,bootstrap_refit,24,,0.42874170092877867
expanded8_recent_equal,8,bootstrap_refit,25,,0.6350697164750733
expanded8_recent_equal,8,bootstrap_refit,26,,0.48254880084128304
expanded8_recent_equal,8,bootstrap_refit,27,,0.4867587663153074
expanded8_recent_equal,8,bootstrap_refit,28,,0.5175094744613206
expanded8_recent_equal,8,bootstrap_refit,29,,0.5520287673160401
expanded8_recent_equal,8,bootstrap_refit,30,,0.600766522111973
expanded8_recent_equal,8,leave_cycle_out,1,2015-2016,0.7865337752460583
expanded8_recent_equal,8,leave_cycle_out,2,2017-2018,0.7407936053486515
expanded8_recent_equal,8,leave_cycle_out,3,2021-2023,0.3139430644363987
expanded8_recent_equal,9,bootstrap_refit,1,,0.493161558565998
expanded8_recent_equal,9,bootstrap_refit,2,,0.4321506101758574
expanded8_recent_equal,9,bootstrap_refit,3,,0.6141560060391423
expanded8_recent_equal,9,bootstrap_refit,4,,0.6143769868428082
expanded8_recent_equal,9,bootstrap_refit,5,,0.506543158825393
expanded8_recent_equal,9,bootstrap_refit,6,,0.5191085090942404
expanded8_recent_equal,9,bootstrap_refit,7,,0.5273582521425358
expanded8_recent_equal,9,bootstrap_refit,8,,0.5142176463321829
expanded8_recent_equal,9,bootstrap_refit,9,,0.5145650144627713
expanded8_recent_equal,9,bootstrap_refit,10,,0.5283222128786419
expanded8_recent_equal,9,bootstrap_refit,11,,0.4998505860730704
expanded8_recent_equal,9,bootstrap_refit,12,,0.5689513953352994
expanded8_recent_equal,9,bootstrap_refit,13,,0.5851928772122136
expanded8_recent_equal,9,bootstrap_refit,14,,0.6097895979054381
expanded8_recent_equal,9,bootstrap_refit,15,,0.49564076103198157
expanded8_recent_equal,9,bootstrap_refit,16,,0.41520969722576656
expanded8_recent_equal,9,bootstrap_refit,17,,0.5991858880993747
expanded8_recent_equal,9,bootstrap_refit,18,,0.4809617229257087
expanded8_recent_equal,9,bootstrap_refit,19,,0.5368954634121548
expanded8_recent_equal,9,bootstrap_refit,20,,0.5443116427602114
expanded8_recent_equal,9,bootstrap_refit,21,,0.5012385601857194
expanded8_recent_equal,9,bootstrap_refit,22,,0.38180948867535003
expanded8_recent_equal,9,bootstrap_refit,23,,0.46107734950219686
expanded8_recent_equal,9,bootstrap_refit,24,,0.49291518384679056
expanded8_recent_equal,9,bootstrap_refit,25,,0.5458420533383745
expanded8_recent_equal,9,bootstrap_refit,26,,0.4907116793507147
expanded8_recent_equal,9,bootstrap_refit,27,,0.49663039284564026
expanded8_recent_equal,9,bootstrap_refit,28,,0.45754435003962884
expanded8_recent_equal,9,bootstrap_refit,29,,0.5031747281466336
expanded8_recent_equal,9,bootstrap_refit,30,,0.6023175532722443
expanded8_recent_equal,9,leave_cycle_out,1,2015-2016,0.6155902737477801
expanded8_recent_equal,9,leave_cycle_out,2,2017-2018,0.6676970002849246
expanded8_recent_equal,9,leave_cycle_out,3,2021-2023,0.5930234162864483
expanded8_recent_equal,10,bootstrap_refit,1,,0.5882527493953139
expanded8_recent_equal,10,bootstrap_refit,2,,0.47144465391076756
expanded8_recent_equal,10,bootstrap_refit,3,,0.4791366514545403
expanded8_recent_equal,10,bootstrap_refit,4,,0.5167332087189633
expanded8_recent_equal,10,bootstrap_refit,5,,0.44640153648969166
expanded8_recent_equal,10,bootstrap_refit,6,,0.527726282728811
expanded8_recent_equal,10,bootstrap_refit,7,,0.4048649866367506
expanded8_recent_equal,10,bootstrap_refit,8,,0.535562299115752
expanded8_recent_equal,10,bootstrap_refit,9,,0.5569898933314681
expanded8_recent_equal,10,bootstrap_refit,10,,0.5133613289669683
expanded8_recent_equal,10,bootstrap_refit,11,,0.5289370648298872
expanded8_recent_equal,10,bootstrap_refit,12,,0.43531811605624776
expanded8_recent_equal,10,bootstrap_refit,13,,0.5301803699386217
expanded8_recent_equal,10,bootstrap_refit,14,,0.6087537257264531
expanded8_recent_equal,10,bootstrap_refit,15,,0.7022068286712918
expanded8_recent_equal,10,bootstrap_refit,16,,0.4890275282526741
expanded8_recent_equal,10,bootstrap_refit,17,,0.5297122935952102
expanded8_recent_equal,10,bootstrap_refit,18,,0.5627577986656166
expanded8_recent_equal,10,bootstrap_refit,19,,0.5602266405498559
expanded8_recent_equal,10,bootstrap_refit,20,,0.6130286865248374
expanded8_recent_equal,10,bootstrap_refit,21,,0.4320466638149327
expanded8_recent_equal,10,bootstrap_refit,22,,0.5338604344065834
expanded8_recent_equal,10,bootstrap_refit,23,,0.48182672992593234
expanded8_recent_equal,10,bootstrap_refit,24,,0.546348058860049
expanded8_recent_equal,10,bootstrap_refit,25,,0.49669623283660636
expanded8_recent_equal,10,bootstrap_refit,26,,0.5301673534927244
expanded8_recent_equal,10,bootstrap_refit,27,,0.42747187590850455
expanded8_recent_equal,10,bootstrap_refit,28,,0.39425538532121196
expanded8_recent_equal,10,bootstrap_refit,29,,0.3140433788198542
expanded8_recent_equal,10,bootstrap_refit,30,,0.46598429153174925
expanded8_recent_equal,10,leave_cycle_out,1,2015-2016,0.7633746186164342
expanded8_recent_equal,10,leave_cycle_out,2,2017-2018,0.674378600967674
expanded8_recent_equal,10,leave_cycle_out,3,2021-2023,0.419671460015011
expanded8_recent_equal,11,bootstrap_refit,1,,0.47207342749766323
expanded8_recent_equal,11,bootstrap_refit,2,,0.4966062871564119
expanded8_recent_equal,11,bootstrap_refit,3,,0.4560582538915175
expanded8_recent_equal,11,bootstrap_refit,4,,0.5724182969112591
expanded8_recent_equal,11,bootstrap_refit,5,,0.5246087935203834
expanded8_recent_equal,11,bootstrap_refit,6,,0.4316553651586346
expanded8_recent_equal,11,bootstrap_refit,7,,0.4287326951513675
expanded8_recent_equal,11,bootstrap_refit,8,,0.4548161213281537
expanded8_recent_equal,11,bootstrap_refit,9,,0.4314481175891095
expanded8_recent_equal,11,bootstrap_refit,10,,0.44271715493067526
expanded8_recent_equal,11,bootstrap_refit,11,,0.4947207531836579
expanded8_recent_equal,11,bootstrap_refit,12,,0.48852817955528505
expanded8_recent_equal,11,bootstrap_refit,13,,0.4893528529714448
expanded8_recent_equal,11,bootstrap_refit,14,,0.6291731349302475
expanded8_recent_equal,11,bootstrap_refit,15,,0.5785638222284348
expanded8_recent_equal,11,bootstrap_refit,16,,0.501612040410322
expanded8_recent_equal,11,bootstrap_refit,17,,0.6059074088535378
expanded8_recent_equal,11,bootstrap_refit,18,,0.48572193940508845
expanded8_recent_equal,11,bootstrap_refit,19,,0.39577119956042794
expanded8_recent_equal,11,bootstrap_refit,20,,0.5294495330637703
expanded8_recent_equal,11,bootstrap_refit,21,,0.593557118473056
expanded8_recent_equal,11,bootstrap_refit,22,,0.5185914547628849
expanded8_recent_equal,11,bootstrap_refit,23,,0.42403642788281076
expanded8_recent_equal,11,bootstrap_refit,24,,0.6459091509740407
expanded8_recent_equal,11,bootstrap_refit,25,,0.5166315911623438
expanded8_recent_equal,11,bootstrap_refit,26,,0.43721942871189273
expanded8_recent_equal,11,bootstrap_refit,27,,0.40508997889549697
expanded8_recent_equal,11,bootstrap_refit,28,,0.6157466154768738
expanded8_recent_equal,11,bootstrap_refit,29,,0.4926096944247576
expanded8_recent_equal,11,bootstrap_refit,30,,0.49247774882791995
expanded8_recent_equal,11,leave_cycle_out,1,2015-2016,0.597253608967382
expanded8_recent_equal,11,leave_cycle_out,2,2017-2018,0.6414977638080969
expanded8_recent_equal,11,leave_cycle_out,3,2021-2023,0.42425577147107296
expanded8_recent_equal,12,bootstrap_refit,1,,0.6161425875036696
expanded8_recent_equal,12,bootstrap_refit,2,,0.4168357349780354
expanded8_recent_equal,12,bootstrap_refit,3,,0.4538566703896542
expanded8_recent_equal,12,bootstrap_refit,4,,0.39934268273809465
expanded8_recent_equal,12,bootstrap_refit,5,,0.5246125390891367
expanded8_recent_equal,12,bootstrap_refit,6,,0.3473254575578549
expanded8_recent_equal,12,bootstrap_refit,7,,0.46711012536142876
expanded8_recent_equal,12,bootstrap_refit,8,,0.6115465989553317
expanded8_recent_equal,12,bootstrap_refit,9,,0.4440693574780317
expanded8_recent_equal,12,bootstrap_refit,10,,0.4866570925391236
expanded8_recent_equal,12,bootstrap_refit,11,,0.4438994756530771
expanded8_recent_equal,12,bootstrap_refit,12,,0.5769609408647499
expanded8_recent_equal,12,bootstrap_refit,13,,0.5160326734036101
expanded8_recent_equal,12,bootstrap_refit,14,,0.37335523162922013
expanded8_recent_equal,12,bootstrap_refit,15,,0.6085058774324065
expanded8_recent_equal,12,bootstrap_refit,16,,0.5053391257189552
expanded8_recent_equal,12,bootstrap_refit,17,,0.4394882867030896
expanded8_recent_equal,12,bootstrap_refit,18,,0.5021171448489637
expanded8_recent_equal,12,bootstrap_refit,19,,0.5712034778193588
expanded8_recent_equal,12,bootstrap_refit,20,,0.5186033539469422
expanded8_recent_equal,12,bootstrap_refit,21,,0.41745554861048817
expanded8_recent_equal,12,bootstrap_refit,22,,0.4810706889512553
expanded8_recent_equal,12,bootstrap_refit,23,,0.4800146390966902
expanded8_recent_equal,12,bootstrap_refit,24,,0.570947436239539
expanded8_recent_equal,12,bootstrap_refit,25,,0.5907965027945622
expanded8_recent_equal,12,bootstrap_refit,26,,0.6910783596111667
expanded8_recent_equal,12,bootstrap_refit,27,,0.5226339516713427
expanded8_recent_equal,12,bootstrap_refit,28,,0.3844905001698831
expanded8_recent_equal,12,bootstrap_refit,29,,0.4692746042201149
expanded8_recent_equal,12,bootstrap_refit,30,,0.4016870637879865
expanded8_recent_equal,12,leave_cycle_out,1,2015-2016,0.5942368809101136
expanded8_recent_equal,12,leave_cycle_out,2,2017-2018,0.4276184871331671
expanded8_recent_equal,12,leave_cycle_out,3,2021-2023,0.44414658656670564
expanded8_recent_equal,13,bootstrap_refit,1,,0.383033335824087
expanded8_recent_equal,13,bootstrap_refit,2,,0.42288692060379374
expanded8_recent_equal,13,bootstrap_refit,3,,0.5420243596799497
expanded8_recent_equal,13,bootstrap_refit,4,,0.4015064995512728
expanded8_recent_equal,13,bootstrap_refit,5,,0.4885053351920985
expanded8_recent_equal,13,bootstrap_refit,6,,0.38984495885289117
expanded8_recent_equal,13,bootstrap_refit,7,,0.4190707683609246
expanded8_recent_equal,13,bootstrap_refit,8,,0.4643528149358394
expanded8_recent_equal,13,bootstrap_refit,9,,0.4644400159389822
expanded8_recent_equal,13,bootstrap_refit,10,,0.4605885911126059
expanded8_recent_equal,13,bootstrap_refit,11,,0.5033082477212084
expanded8_recent_equal,13,bootstrap_refit,12,,0.4981037165770007
expanded8_recent_equal,13,bootstrap_refit,13,,0.4261357663229407
expanded8_recent_equal,13,bootstrap_refit,14,,0.4578679788731063
expanded8_recent_equal,13,bootstrap_refit,15,,0.389766555104801
expanded8_recent_equal,13,bootstrap_refit,16,,0.4101514212332027
expanded8_recent_equal,13,bootstrap_refit,17,,0.43016194595845103
expanded8_recent_equal,13,bootstrap_refit,18,,0.4813844286611532
expanded8_recent_equal,13,bootstrap_refit,19,,0.42920034811463725
expanded8_recent_equal,13,bootstrap_refit,20,,0.4530394902756751
expanded8_recent_equal,13,bootstrap_refit,21,,0.34333087151732167
expanded8_recent_equal,13,bootstrap_refit,22,,0.4721374413689091
expanded8_recent_equal,13,bootstrap_refit,23,,0.3669025119257972
expanded8_recent_equal,13,bootstrap_refit,24,,0.3216847332394549
expanded8_recent_equal,13,bootstrap_refit,25,,0.46166389461424956
expanded8_recent_equal,13,bootstrap_refit,26,,0.32897743412381986
expanded8_recent_equal,13,bootstrap_refit,27,,0.3992350067114725
expanded8_recent_equal,13,bootstrap_refit,28,,0.36960670667951023
expanded8_recent_equal,13,bootstrap_refit,29,,0.3391199031077091
expanded8_recent_equal,13,bootstrap_refit,30,,0.4231591159461532
expanded8_recent_equal,13,leave_cycle_out,1,2015-2016,0.4566949518476667
expanded8_recent_equal,13,leave_cycle_out,2,2017-2018,0.569997895537634
expanded8_recent_equal,13,leave_cycle_out,3,2021-2023,0.37579615709912206
expanded8_recent_equal,14,bootstrap_refit,1,,0.46144233526369466
expanded8_recent_equal,14,bootstrap_refit,2,,0.3700692528230198
expanded8_recent_equal,14,bootstrap_refit,3,,0.5830708619603013
expanded8_recent_equal,14,bootstrap_refit,4,,0.4104848097495653
expanded8_recent_equal,14,bootstrap_refit,5,,0.47724128807558586
expanded8_recent_equal,14,bootstrap_refit,6,,0.6121293102080437
expanded8_recent_equal,14,bootstrap_refit,7,,0.3772520828143919
expanded8_recent_equal,14,bootstrap_refit,8,,0.41971610995623027
expanded8_recent_equal,14,bootstrap_refit,9,,0.4121717467460256
expanded8_recent_equal,14,bootstrap_refit,10,,0.318137488209588
expanded8_recent_equal,14,bootstrap_refit,11,,0.4967927763193892
expanded8_recent_equal,14,bootstrap_refit,12,,0.501173802139626
expanded8_recent_equal,14,bootstrap_refit,13,,0.4880584333486205
expanded8_recent_equal,14,bootstrap_refit,14,,0.5221094528377465
expanded8_recent_equal,14,bootstrap_refit,15,,0.440263285805836
expanded8_recent_equal,14,bootstrap_refit,16,,0.40215541316663217
expanded8_recent_equal,14,bootstrap_refit,17,,0.4359504485066053
expanded8_recent_equal,14,bootstrap_refit,18,,0.42606831485871205
expanded8_recent_equal,14,bootstrap_refit,19,,0.4524602153126331
expanded8_recent_equal,14,bootstrap_refit,20,,0.49760408897084546
expanded8_recent_equal,14,bootstrap_refit,21,,0.40683657986422306
expanded8_recent_equal,14,bootstrap_refit,22,,0.4114052802180384
expanded8_recent_equal,14,bootstrap_refit,23,,0.4122403150003558
expanded8_recent_equal,14,bootstrap_refit,24,,0.4494250004041174
expanded8_recent_equal,14,bootstrap_refit,25,,0.37641062579700063
expanded8_recent_equal,14,bootstrap_refit,26,,0.4410215722444838
expanded8_recent_equal,14,bootstrap_refit,27,,0.5369686353737314
expanded8_recent_equal,14,bootstrap_refit,28,,0.5904979268468966
expanded8_recent_equal,14,bootstrap_refit,29,,0.39251095854716805
expanded8_recent_equal,14,bootstrap_refit,30,,0.378861581182927
expanded8_recent_equal,14,leave_cycle_out,1,2015-2016,0.4356257827881613
expanded8_recent_equal,14,leave_cycle_out,2,2017-2018,0.5280311522334501
expanded8_recent_equal,14,leave_cycle_out,3,2021-2023,0.4550880464843578
expanded8_recent_equal,15,bootstrap_refit,1,,0.43730469921581366
expanded8_recent_equal,15,bootstrap_refit,2,,0.4646593820736798
expanded8_recent_equal,15,bootstrap_refit,3,,0.5619055253274456
expanded8_recent_equal,15,bootstrap_refit,4,,0.4862547118688692
expanded8_recent_equal,15,bootstrap_refit,5,,0.48613460956714183
expanded8_recent_equal,15,bootstrap_refit,6,,0.41986454058129846
expanded8_recent_equal,15,bootstrap_refit,7,,0.43389511822323984
expanded8_recent_equal,15,bootstrap_refit,8,,0.3228234998013653
expanded8_recent_equal,15,bootstrap_refit,9,,0.49262053699664393
expanded8_recent_equal,15,bootstrap_refit,10,,0.4157170330335656
expanded8_recent_equal,15,bootstrap_refit,11,,0.4550078599611105
expanded8_recent_equal,15,bootstrap_refit,12,,0.34695158308750457
expanded8_recent_equal,15,bootstrap_refit,13,,0.5151470000365607
expanded8_recent_equal,15,bootstrap_refit,14,,0.4017678464264174
expanded8_recent_equal,15,bootstrap_refit,15,,0.5082038143297563
expanded8_recent_equal,15,bootstrap_refit,16,,0.4283596923697375
expanded8_recent_equal,15,bootstrap_refit,17,,0.4424818485806708
expanded8_recent_equal,15,bootstrap_refit,18,,0.4060913508894492
expanded8_recent_equal,15,bootstrap_refit,19,,0.5241987132739608
expanded8_recent_equal,15,bootstrap_refit,20,,0.34646322381083255
expanded8_recent_equal,15,bootstrap_refit,21,,0.48341360915105963
expanded8_recent_equal,15,bootstrap_refit,22,,0.3734701443552655
expanded8_recent_equal,15,bootstrap_refit,23,,0.4824009260189543
expanded8_recent_equal,15,bootstrap_refit,24,,0.508904975244256
expanded8_recent_equal,15,bootstrap_refit,25,,0.4632816686772269
expanded8_recent_equal,15,bootstrap_refit,26,,0.3652270428394903
expanded8_recent_equal,15,bootstrap_refit,27,,0.34957784326802216
expanded8_recent_equal,15,bootstrap_refit,28,,0.44763028476665445
expanded8_recent_equal,15,bootstrap_refit,29,,0.600634790823754
expanded8_recent_equal,15,bootstrap_refit,30,,0.46477530268202305
expanded8_recent_equal,15,leave_cycle_out,1,2015-2016,0.48472245064537156
expanded8_recent_equal,15,leave_cycle_out,2,2017-2018,0.47681278311906156
expanded8_recent_equal,15,leave_cycle_out,3,2021-2023,0.40926439729540687
