specification,k,centroid_id,n,share_percent,cycle_counts,centroid_bmi,member_median_bmi,member_q1_bmi,member_q3_bmi,missing_percent_bmi,centroid_triglycerides,member_median_triglycerides,member_q1_triglycerides,member_q3_triglycerides,missing_percent_triglycerides,centroid_ldl,member_median_ldl,member_q1_ldl,member_q3_ldl,missing_percent_ldl,centroid_hdl,member_median_hdl,member_q1_hdl,member_q3_hdl,missing_percent_hdl,centroid_age,member_median_age,member_q1_age,member_q3_age,missing_percent_age,centroid_waist_circumference,member_median_waist_circumference,member_q1_waist_circumference,member_q3_waist_circumference,missing_percent_waist_circumference
core6_all_equal,2,K02-C02,604,43.895348837209305,"{""2009-2010"": 99, ""2011-2012"": 75, ""2013-2014"": 107, ""2015-2016"": 103, ""2017-2018"": 103, ""2021-2023"": 117}",37.388311258278144,36.42,32.9,41.0,0.49668874172185434,163.68874172185429,140.0,100.0,199.0,1.490066225165563,122.30298013245033,120.0,96.75,145.0,4.635761589403973,49.82119205298013,48.0,42.0,56.0,1.1589403973509933,54.253311258278146,55.0,51.0,58.0,0.0,115.3294701986755,113.9,106.225,122.6,2.3178807947019866
core6_all_equal,2,K02-C01,772,56.104651162790695,"{""2009-2010"": 123, ""2011-2012"": 115, ""2013-2014"": 129, ""2015-2016"": 126, ""2017-2018"": 131, ""2021-2023"": 148}",26.14488341968912,26.1,23.0975,28.869999999999997,1.0362694300518136,97.80829015544042,88.0,65.0,119.0,3.4974093264248705,127.00647668393782,125.0,103.0,150.0,3.4974093264248705,65.85880829015544,64.0,54.0,75.0,2.7202072538860103,54.86139896373057,55.0,52.0,58.0,0.0,90.68652849740933,90.9,83.625,97.675,1.8134715025906734
core6_all_equal,3,K03-C02,323,23.473837209302324,"{""2009-2010"": 63, ""2011-2012"": 48, ""2013-2014"": 59, ""2015-2016"": 57, ""2017-2018"": 50, ""2021-2023"": 46}",29.86904024767802,29.55,27.0,33.0,0.9287925696594427,214.8575851393189,184.0,149.5,249.0,0.0,151.64705882352942,153.0,129.5,175.0,5.88235294117647,47.21052631578947,47.0,41.0,52.5,0.0,55.012383900928796,55.0,53.0,58.5,0.0,101.0374613003096,101.6,94.25,107.15,1.238390092879257
core6_all_equal,3,K03-C01,645,46.875,"{""2009-2010"": 99, ""2011-2012"": 89, ""2013-2014"": 109, ""2015-2016"": 106, ""2017-2018"": 109, ""2021-2023"": 133}",25.96663565891473,25.8,22.6,28.89,1.0852713178294573,85.99069767441861,81.0,62.0,103.0,4.186046511627907,120.36744186046512,120.0,99.0,141.0,4.186046511627907,68.53333333333333,66.0,58.0,77.25,3.255813953488372,54.775193798449614,55.0,52.0,58.0,0.0,90.20286821705426,90.4,83.0,97.375,1.7054263565891472
core6_all_equal,3,K03-C03,408,29.651162790697676,"{""2009-2010"": 60, ""2011-2012"": 53, ""2013-2014"": 68, ""2015-2016"": 66, ""2017-2018"": 75, ""2021-2023"": 86}",40.12306372549019,38.9,35.6,42.754999999999995,0.24509803921568626,121.35539215686275,112.0,82.5,144.0,2.2058823529411766,111.03186274509804,111.0,89.5,132.0,2.2058823529411766,52.65196078431372,51.0,44.0,59.0,1.715686274509804,53.97794117647059,54.0,51.0,58.0,0.0,119.73786764705882,118.6,111.3,126.7,3.1862745098039214
core6_all_equal,4,K04-C03,121,8.793604651162791,"{""2009-2010"": 21, ""2011-2012"": 13, ""2013-2014"": 26, ""2015-2016"": 17, ""2017-2018"": 17, ""2021-2023"": 27}",32.00694214876033,31.4,28.2,35.5,1.6528925619834711,315.5041322314049,284.0,240.0,351.0,0.0,117.90082644628099,115.0,90.5,145.75,15.702479338842975,42.14049586776859,41.0,36.0,46.0,0.0,54.107438016528924,55.0,51.0,58.0,0.0,106.42231404958677,105.8,100.05,112.7,1.6528925619834711
core6_all_equal,4,K04-C02,482,35.02906976744186,"{""2009-2010"": 81, ""2011-2012"": 71, ""2013-2014"": 75, ""2015-2016"": 77, ""2017-2018"": 88, ""2021-2023"": 90}",28.45661825726141,28.6,25.8,31.1,1.2448132780082988,126.7344398340249,121.0,91.0,162.0,4.356846473029045,149.201244813278,148.0,126.0,169.0,4.356846473029045,53.90248962655601,53.0,47.25,60.0,4.149377593360995,55.40871369294606,56.0,53.0,59.0,0.0,96.73609958506223,97.3,90.4,103.0,1.6597510373443984
core6_all_equal,4,K04-C04,378,27.47093023255814,"{""2009-2010"": 60, ""2011-2012"": 50, ""2013-2014"": 63, ""2015-2016"": 63, ""2017-2018"": 70, ""2021-2023"": 72}",40.54026455026455,39.2,35.9,42.9,0.26455026455026454,116.53174603174604,111.0,79.25,142.0,2.1164021164021163,111.94179894179895,112.0,90.0,132.0,2.1164021164021163,53.27513227513227,51.0,45.0,60.0,1.5873015873015872,53.923280423280424,54.0,51.0,58.0,0.0,120.30806878306879,119.1,112.1,127.7,3.439153439153439
core6_all_equal,4,K04-C01,395,28.706395348837212,"{""2009-2010"": 60, ""2011-2012"": 56, ""2013-2014"": 72, ""2015-2016"": 72, ""2017-2018"": 59, ""2021-2023"": 76}",24.944911392405064,24.5,21.8,27.7,0.5063291139240507,78.64556962025316,72.5,56.0,94.0,1.7721518987341773,109.9367088607595,110.0,91.0,129.0,1.7721518987341773,75.23291139240506,74.0,63.0,84.0,0.5063291139240507,54.392405063291136,55.0,51.0,58.0,0.0,87.81936708860759,86.9,80.4,94.35000000000001,1.2658227848101267
core6_all_equal,5,K05-C05,288,20.930232558139537,"{""2009-2010"": 43, ""2011-2012"": 33, ""2013-2014"": 48, ""2015-2016"": 47, ""2017-2018"": 56, ""2021-2023"": 61}",42.183125,40.769999999999996,37.752500000000005,44.6,0.0,120.39236111111111,112.0,84.5,151.0,2.083333333333333,113.53819444444444,113.0,90.25,134.0,2.083333333333333,53.52777777777778,51.0,44.75,61.0,1.3888888888888888,55.02430555555556,55.0,52.75,58.0,0.0,123.57274305555555,122.3,115.95,131.55,3.125
core6_all_equal,5,K05-C03,288,20.930232558139537,"{""2009-2010"": 53, ""2011-2012"": 43, ""2013-2014"": 55, ""2015-2016"": 43, ""2017-2018"": 43, ""2021-2023"": 51}",30.06857638888889,29.9,27.095,33.6,1.3888888888888888,100.64583333333333,95.0,69.0,122.0,3.125,114.58333333333334,115.0,95.0,134.5,3.125,55.229166666666664,55.0,48.0,63.0,3.125,50.00694444444444,50.0,48.0,52.0,0.0,99.17951388888889,99.55,92.475,106.725,2.7777777777777777
core6_all_equal,5,K05-C01,291,21.148255813953487,"{""2009-2010"": 45, ""2011-2012"": 37, ""2013-2014"": 49, ""2015-2016"": 57, ""2017-2018"": 48, ""2021-2023"": 55}",24.133333333333333,23.4,20.905,26.375,0.3436426116838488,77.76288659793815,71.0,53.0,92.0,2.405498281786942,112.48453608247424,112.0,92.0,133.0,2.405498281786942,79.49828178694158,78.0,68.0,88.0,0.6872852233676976,55.649484536082475,56.0,54.0,58.0,0.0,85.93917525773196,85.0,78.75,91.55,1.3745704467353952
core6_all_equal,5,K05-C04,109,7.921511627906977,"{""2009-2010"": 19, ""2011-2012"": 12, ""2013-2014"": 23, ""2015-2016"": 17, ""2017-2018"": 15, ""2021-2023"": 23}",32.19899082568807,31.8,28.15,36.0,1.834862385321101,327.4403669724771,296.0,252.0,354.0,0.0,118.5045871559633,115.5,92.25,145.75,17.431192660550458,42.220183486238525,41.0,36.0,47.0,0.0,54.357798165137616,55.0,51.0,58.0,0.0,107.03761467889908,106.2,100.45,113.2,1.834862385321101
core6_all_equal,5,K05-C02,400,29.069767441860467,"{""2009-2010"": 62, ""2011-2012"": 65, ""2013-2014"": 61, ""2015-2016"": 65, ""2017-2018"": 72, ""2021-2023"": 75}",28.563525,28.6,25.8,31.4,1.0,130.9925,125.5,93.0,168.0,3.5000000000000004,151.4275,150.5,127.0,170.0,3.5000000000000004,54.692499999999995,54.0,48.0,62.0,3.25,56.885,57.0,55.0,59.0,0.0,97.102375,97.8,90.4,103.45,1.25
core6_all_equal,6,K06-C05,100,7.267441860465117,"{""2009-2010"": 16, ""2011-2012"": 11, ""2013-2014"": 23, ""2015-2016"": 16, ""2017-2018"": 13, ""2021-2023"": 21}",32.1711,31.61,28.2,35.875,2.0,333.35,303.0,253.5,366.5,0.0,115.53999999999999,115.0,86.0,139.0,19.0,41.91,40.5,36.0,46.0,0.0,53.89,54.0,51.0,57.0,0.0,107.369,106.2,100.45,113.65,2.0
core6_all_equal,6,K06-C01,242,17.587209302325583,"{""2009-2010"": 39, ""2011-2012"": 30, ""2013-2014"": 36, ""2015-2016"": 49, ""2017-2018"": 41, ""2021-2023"": 47}",23.626487603305783,22.8,20.6,25.8,0.4132231404958678,78.26859504132231,71.0,52.5,94.0,2.8925619834710745,117.93801652892562,118.0,95.0,137.0,2.8925619834710745,82.23140495867769,80.0,72.0,90.0,0.8264462809917356,55.71487603305785,56.0,54.0,58.0,0.0,84.8495867768595,84.0,77.9,90.42500000000001,0.8264462809917356
core6_all_equal,6,K06-C03,272,19.767441860465116,"{""2009-2010"": 46, ""2011-2012"": 46, ""2013-2014"": 41, ""2015-2016"": 46, ""2017-2018"": 53, ""2021-2023"": 40}",28.501875000000002,28.2,25.0,31.175,0.7352941176470588,144.3933823529412,137.0,104.0,180.0,0.0,169.94117647058823,163.0,150.75,184.0,0.0,54.30882352941176,54.0,48.0,61.0,0.0,56.091911764705884,56.0,54.0,59.0,0.0,96.98198529411765,96.9,89.475,103.92500000000001,1.4705882352941175
core6_all_equal,6,K06-C02,239,17.36918604651163,"{""2009-2010"": 40, ""2011-2012"": 41, ""2013-2014"": 47, ""2015-2016"": 36, ""2017-2018"": 32, ""2021-2023"": 43}",28.821715481171548,28.6,25.3,32.4,0.8368200836820083,96.18828451882845,90.0,65.0,115.75,3.765690376569038,117.4518828451883,118.0,100.25,136.5,3.765690376569038,56.995815899581594,56.0,49.25,64.75,3.765690376569038,49.29707112970711,50.0,47.0,51.0,0.0,96.30523012552301,97.05,88.69999999999999,104.2,2.092050209205021
core6_all_equal,6,K06-C06,241,17.51453488372093,"{""2009-2010"": 37, ""2011-2012"": 29, ""2013-2014"": 40, ""2015-2016"": 44, ""2017-2018"": 50, ""2021-2023"": 41}",43.35025,41.5,38.9,46.1,0.0,120.9375,112.0,87.0,152.0,2.0746887966804977,118.85416666666667,118.5,99.0,138.0,2.0746887966804977,52.829166666666666,50.0,44.0,60.0,1.6597510373443984,53.829166666666666,54.0,51.0,57.0,0.0,126.13312499999999,124.30000000000001,118.95,133.0,2.0746887966804977
core6_all_equal,6,K06-C04,282,20.49418604651163,"{""2009-2010"": 44, ""2011-2012"": 33, ""2013-2014"": 49, ""2015-2016"": 38, ""2017-2018"": 45, ""2021-2023"": 73}",31.048445229681978,30.865,27.525,34.3,1.4184397163120568,108.87279151943463,102.0,79.5,136.0,5.319148936170213,102.49116607773851,105.0,85.0,121.0,5.319148936170213,55.72791519434629,55.0,48.0,62.0,4.609929078014184,57.56890459363958,58.0,56.0,60.0,0.0,101.52120141342756,101.65,94.675,108.0,3.546099290780142
core6_all_equal,7,K07-C07,172,12.5,"{""2009-2010"": 22, ""2011-2012"": 14, ""2013-2014"": 35, ""2015-2016"": 34, ""2017-2018"": 39, ""2021-2023"": 28}",44.05476744186046,41.75,38.9,48.05,0.0,118.87209302325581,108.5,80.0,140.0,2.3255813953488373,113.69767441860465,112.5,93.0,134.0,2.3255813953488373,54.58139534883721,52.0,45.0,61.0,1.744186046511628,56.72093023255814,57.0,55.0,59.0,0.0,127.26220930232557,125.25,118.8,134.025,2.3255813953488373
core6_all_equal,7,K07-C03,285,20.712209302325583,"{""2009-2010"": 42, ""2011-2012"": 33, ""2013-2014"": 49, ""2015-2016"": 40, ""2017-2018"": 49, ""2021-2023"": 72}",28.96782456140351,28.8,25.9,32.3,1.4035087719298245,105.3438596491228,99.0,78.0,130.0,5.263157894736842,102.69122807017544,106.0,86.0,121.0,5.263157894736842,56.93333333333333,57.5,49.0,64.0,4.56140350877193,57.54385964912281,58.0,56.0,60.0,0.0,96.84315789473685,98.3,90.4,103.7,2.807017543859649
core6_all_equal,7,K07-C04,256,18.6046511627907,"{""2009-2010"": 44, ""2011-2012"": 45, ""2013-2014"": 37, ""2015-2016"": 43, ""2017-2018"": 47, ""2021-2023"": 40}",28.8565625,28.6,26.0,31.4,0.78125,145.140625,137.5,104.0,180.0,0.0,171.265625,163.0,152.0,185.0,0.0,54.53125,54.0,48.0,62.0,0.0,56.3828125,57.0,54.0,59.0,0.0,97.985546875,98.5,90.8,104.725,1.5625
core6_all_equal,7,K07-C01,181,13.154069767441861,"{""2009-2010"": 31, ""2011-2012"": 23, ""2013-2014"": 25, ""2015-2016"": 39, ""2017-2018"": 31, ""2021-2023"": 32}",23.88690607734807,23.4,20.5,26.025,0.5524861878453038,74.88950276243094,67.0,50.0,89.0,2.209944751381215,119.31491712707182,120.0,95.0,140.0,2.209944751381215,88.03867403314916,85.0,78.0,95.0,0.0,55.54696132596685,56.0,53.0,58.0,0.0,85.63701657458563,84.8,78.3,91.30000000000001,1.1049723756906076
core6_all_equal,7,K07-C06,85,6.1773255813953485,"{""2009-2010"": 17, ""2011-2012"": 11, ""2013-2014"": 16, ""2015-2016"": 12, ""2017-2018"": 10, ""2021-2023"": 19}",31.61470588235294,31.1,28.0,35.45,2.3529411764705883,350.95294117647063,315.0,267.0,384.0,0.0,114.81176470588235,114.0,85.25,138.0,22.35294117647059,42.435294117647054,41.0,36.0,47.0,0.0,54.51764705882353,55.0,52.0,58.0,0.0,106.68588235294118,105.8,99.85,112.7,2.3529411764705883
core6_all_equal,7,K07-C02,206,14.970930232558139,"{""2009-2010"": 35, ""2011-2012"": 31, ""2013-2014"": 40, ""2015-2016"": 32, ""2017-2018"": 32, ""2021-2023"": 36}",25.971456310679613,25.75,22.98,28.869999999999997,0.9708737864077669,92.4126213592233,83.0,65.0,108.25,4.854368932038835,122.33009708737865,122.0,104.0,142.25,4.854368932038835,59.490291262135926,60.0,52.0,67.0,4.368932038834951,49.95145631067961,50.0,48.0,52.0,0.0,90.02135922330098,90.4,83.3,97.175,1.9417475728155338
core6_all_equal,7,K07-C05,191,13.880813953488373,"{""2009-2010"": 31, ""2011-2012"": 33, ""2013-2014"": 34, ""2015-2016"": 29, ""2017-2018"": 26, ""2021-2023"": 38}",37.61759162303665,37.0,34.405,40.55,0.0,127.3717277486911,118.5,89.0,163.5,1.5706806282722512,118.83769633507853,118.5,99.0,136.25,1.5706806282722512,50.073298429319365,48.0,41.75,56.0,1.5706806282722512,50.02094240837697,50.0,48.0,52.0,0.0,115.09057591623036,114.4,107.95,121.25,2.094240837696335
core6_all_equal,8,K08-C01,168,12.209302325581394,"{""2009-2010"": 29, ""2011-2012"": 20, ""2013-2014"": 24, ""2015-2016"": 37, ""2017-2018"": 29, ""2021-2023"": 29}",23.961190476190477,23.4,20.5,26.1,0.5952380952380952,73.58333333333333,65.5,50.0,86.25,2.380952380952381,118.95833333333333,120.0,95.0,140.0,2.380952380952381,89.45833333333334,86.5,79.0,96.0,0.0,55.398809523809526,56.0,53.0,58.0,0.0,85.77916666666667,84.69999999999999,78.3,91.475,1.1904761904761905
core6_all_equal,8,K08-C06,165,11.991279069767442,"{""2009-2010"": 26, ""2011-2012"": 26, ""2013-2014"": 31, ""2015-2016"": 26, ""2017-2018"": 24, ""2021-2023"": 32}",37.02490909090909,36.9,33.6,40.5,0.0,136.3030303030303,124.0,94.0,174.5,1.8181818181818181,124.0909090909091,122.5,103.0,143.75,1.8181818181818181,48.521212121212116,48.0,40.25,54.0,1.8181818181818181,49.43030303030303,50.0,47.0,51.0,0.0,114.53060606060606,114.1,106.975,121.45,0.6060606060606061
core6_all_equal,8,K08-C02,177,12.863372093023257,"{""2009-2010"": 30, ""2011-2012"": 27, ""2013-2014"": 36, ""2015-2016"": 25, ""2017-2018"": 28, ""2021-2023"": 31}",26.61225988700565,26.8,23.55,29.225,1.1299435028248588,86.5141242937853,79.5,64.0,100.75,3.954802259887006,118.14689265536724,119.5,101.25,138.0,3.954802259887006,60.65536723163842,60.0,53.0,68.75,3.954802259887006,49.44632768361582,50.0,48.0,51.0,0.0,91.23757062146892,91.94999999999999,83.85000000000001,98.225,2.824858757062147
core6_all_equal,8,K08-C03,273,19.84011627906977,"{""2009-2010"": 40, ""2011-2012"": 33, ""2013-2014"": 48, ""2015-2016"": 44, ""2017-2018"": 48, ""2021-2023"": 60}",26.382610294117647,26.7,23.4,28.86,1.465201465201465,105.11397058823529,97.0,74.0,128.0,5.86080586080586,110.70955882352942,113.0,95.0,128.0,5.86080586080586,57.99264705882353,59.0,52.0,65.0,5.128205128205128,57.31985294117647,57.0,56.0,59.0,0.0,91.56121323529412,92.0,84.9,98.9,1.8315018315018317
core6_all_equal,8,K08-C08,72,5.232558139534884,"{""2009-2010"": 7, ""2011-2012"": 10, ""2013-2014"": 20, ""2015-2016"": 13, ""2017-2018"": 14, ""2021-2023"": 8}",50.93083333333333,49.9,46.2925,53.975,0.0,111.66666666666667,103.0,76.0,123.0,4.166666666666666,111.23611111111111,110.0,88.0,132.0,4.166666666666666,54.30555555555556,51.5,45.0,60.5,2.7777777777777777,54.77777777777778,55.0,52.0,58.0,0.0,137.63611111111112,138.35,131.125,145.125,2.7777777777777777
core6_all_equal,8,K08-C04,216,15.69767441860465,"{""2009-2010"": 39, ""2011-2012"": 40, ""2013-2014"": 31, ""2015-2016"": 34, ""2017-2018"": 38, ""2021-2023"": 34}",28.692685185185184,28.6,26.0,31.07,0.9259259259259258,146.35185185185185,139.0,105.0,180.25,0.0,176.25,169.5,156.0,190.0,0.0,54.80555555555555,54.0,48.0,62.0,0.0,55.898148148148145,56.0,54.0,59.0,0.0,97.42685185185185,97.55,90.8,103.325,1.8518518518518516
core6_all_equal,8,K08-C07,79,5.741279069767442,"{""2009-2010"": 15, ""2011-2012"": 10, ""2013-2014"": 16, ""2015-2016"": 12, ""2017-2018"": 8, ""2021-2023"": 18}",31.331139240506328,30.6,28.0,34.2,2.5316455696202533,358.73417721518985,319.0,282.5,397.5,0.0,116.0,115.5,81.75,141.75,24.050632911392405,42.17721518987341,41.0,36.0,46.5,0.0,54.59493670886076,55.0,52.5,58.0,0.0,106.22658227848102,105.5,99.8,112.1,2.5316455696202533
core6_all_equal,8,K08-C05,226,16.424418604651162,"{""2009-2010"": 36, ""2011-2012"": 24, ""2013-2014"": 30, ""2015-2016"": 38, ""2017-2018"": 45, ""2021-2023"": 53}",37.028898678414095,36.8,34.4,39.3,0.0,121.70925110132158,114.0,86.5,153.0,1.3274336283185841,110.97797356828194,111.0,90.0,132.0,1.3274336283185841,54.22907488986784,53.0,45.0,61.0,0.8849557522123894,57.202643171806166,57.5,55.0,59.0,0.0,114.36541850220264,114.2,108.45,120.3,3.0973451327433628
core6_all_equal,9,K09-C02,197,14.31686046511628,"{""2009-2010"": 23, ""2011-2012"": 32, ""2013-2014"": 31, ""2015-2016"": 28, ""2017-2018"": 43, ""2021-2023"": 40}",25.10969543147208,24.6,22.3,27.9,0.5076142131979695,99.04060913705584,91.0,74.0,121.0,2.030456852791878,152.85786802030458,152.0,138.0,164.0,2.030456852791878,63.66497461928934,64.0,56.0,72.0,1.015228426395939,56.89340101522843,57.0,55.0,59.0,0.0,88.33096446700507,87.0,81.1,94.95,1.015228426395939
core6_all_equal,9,K09-C08,66,4.796511627906977,"{""2009-2010"": 13, ""2011-2012"": 8, ""2013-2014"": 14, ""2015-2016"": 8, ""2017-2018"": 7, ""2021-2023"": 16}",31.580000000000002,30.770000000000003,27.975,35.5,3.0303030303030303,379.5606060606061,333.5,302.5,418.0,0.0,111.95454545454545,110.0,77.5,133.0,28.78787878787879,42.166666666666664,40.5,35.25,47.0,0.0,54.60606060606061,55.0,52.25,57.75,0.0,107.17424242424242,106.1,100.02499999999999,113.45,3.0303030303030303
core6_all_equal,9,K09-C04,238,17.296511627906977,"{""2009-2010"": 43, ""2011-2012"": 28, ""2013-2014"": 39, ""2015-2016"": 37, ""2017-2018"": 36, ""2021-2023"": 55}",27.957215189873416,27.835,25.625,30.5375,1.680672268907563,108.52742616033755,99.0,75.0,134.0,5.46218487394958,99.03375527426161,103.0,83.0,115.0,5.46218487394958,56.74683544303797,57.5,49.25,64.0,5.042016806722689,56.89451476793249,57.0,55.0,59.0,0.0,95.15801687763712,96.0,89.69999999999999,101.3,2.941176470588235
core6_all_equal,9,K09-C09,57,4.142441860465116,"{""2009-2010"": 7, ""2011-2012"": 6, ""2013-2014"": 16, ""2015-2016"": 11, ""2017-2018"": 9, ""2021-2023"": 8}",52.22666666666667,50.65,48.2,54.9,0.0,114.28070175438597,102.0,66.75,136.25,1.7543859649122806,106.91228070175438,104.0,87.75,125.0,1.7543859649122806,53.24561403508772,51.0,43.0,58.0,1.7543859649122806,54.43859649122807,55.0,52.0,57.0,0.0,140.15877192982455,140.2,133.92499999999998,147.8,1.7543859649122806
core6_all_equal,9,K09-C05,156,11.337209302325581,"{""2009-2010"": 31, ""2011-2012"": 22, ""2013-2014"": 23, ""2015-2016"": 32, ""2017-2018"": 28, ""2021-2023"": 20}",30.77198717948718,30.3,27.755,33.25,0.641025641025641,181.75641025641028,176.5,142.75,212.25,0.0,174.8076923076923,170.0,151.0,190.0,0.0,49.08333333333333,49.0,42.75,54.0,0.0,55.35897435897436,55.0,53.0,58.0,0.0,102.81217948717949,103.0,97.3,108.65,1.282051282051282
core6_all_equal,9,K09-C03,165,11.991279069767442,"{""2009-2010"": 28, ""2011-2012"": 24, ""2013-2014"": 33, ""2015-2016"": 27, ""2017-2018"": 23, ""2021-2023"": 30}",26.175030303030304,26.33,23.35,28.9,1.2121212121212122,90.98181818181817,83.0,64.0,107.75,4.242424242424243,123.24848484848485,121.5,104.5,142.75,4.242424242424243,59.07878787878788,59.0,51.0,67.0,4.242424242424243,49.12121212121212,49.0,47.0,51.0,0.0,90.39393939393939,91.2,83.7,97.3,2.4242424242424243
core6_all_equal,9,K09-C01,139,10.101744186046512,"{""2009-2010"": 25, ""2011-2012"": 18, ""2013-2014"": 22, ""2015-2016"": 29, ""2017-2018"": 23, ""2021-2023"": 22}",24.225251798561153,23.515,20.5,26.2,0.7194244604316548,73.34532374100719,62.0,49.0,86.25,2.158273381294964,111.4748201438849,110.5,91.0,132.0,2.158273381294964,92.17985611510792,89.0,82.0,97.5,0.0,54.96402877697842,55.0,52.0,58.0,0.0,86.65683453237409,85.3,78.3,93.5,1.4388489208633095
core6_all_equal,9,K09-C06,196,14.244186046511627,"{""2009-2010"": 27, ""2011-2012"": 22, ""2013-2014"": 29, ""2015-2016"": 32, ""2017-2018"": 42, ""2021-2023"": 44}",38.204263959390865,37.8,35.375,40.849999999999994,0.0,120.23350253807106,112.0,87.0,148.5,2.5510204081632653,114.28426395939087,117.0,94.0,135.0,2.5510204081632653,54.847715736040605,53.0,45.0,62.0,1.530612244897959,57.51776649746193,58.0,56.0,60.0,0.0,116.63832487309645,116.6,111.2,122.65,2.5510204081632653
core6_all_equal,9,K09-C07,162,11.773255813953488,"{""2009-2010"": 25, ""2011-2012"": 30, ""2013-2014"": 29, ""2015-2016"": 25, ""2017-2018"": 23, ""2021-2023"": 30}",37.77691358024691,37.25,34.349999999999994,41.075,0.0,125.50617283950618,117.0,81.0,159.5,1.8518518518518516,118.75308641975309,118.0,99.5,135.0,1.8518518518518516,50.01851851851852,48.0,42.0,56.0,1.8518518518518516,49.45061728395061,50.0,47.0,51.0,0.0,115.28425925925926,114.5,107.95,122.0,1.8518518518518516
core6_all_equal,10,K10-C01,137,9.956395348837209,"{""2009-2010"": 27, ""2011-2012"": 17, ""2013-2014"": 20, ""2015-2016"": 27, ""2017-2018"": 24, ""2021-2023"": 22}",23.57,23.2,20.4,25.9,0.7299270072992701,74.02189781021897,65.0,51.0,85.75,2.18978102189781,116.82481751824818,117.5,95.0,137.0,2.18978102189781,91.63503649635037,88.0,81.0,97.0,0.0,54.824817518248175,55.0,52.0,57.0,0.0,85.01386861313868,84.0,78.1,90.75,1.4598540145985401
core6_all_equal,10,K10-C08,133,9.665697674418606,"{""2009-2010"": 22, ""2011-2012"": 26, ""2013-2014"": 21, ""2015-2016"": 21, ""2017-2018"": 21, ""2021-2023"": 22}",38.83984962406015,38.9,35.6,41.6,0.0,125.41353383458646,116.5,82.75,161.5,2.2556390977443606,121.90225563909775,121.0,103.0,138.0,2.2556390977443606,49.17293233082707,48.0,42.0,55.0,2.2556390977443606,48.87218045112782,49.0,47.0,51.0,0.0,116.60601503759398,117.0,109.6,123.0,3.007518796992481
core6_all_equal,10,K10-C07,146,10.61046511627907,"{""2009-2010"": 22, ""2011-2012"": 15, ""2013-2014"": 21, ""2015-2016"": 24, ""2017-2018"": 24, ""2021-2023"": 40}",35.14075342465753,34.75,32.0775,38.287499999999994,0.0,141.75342465753425,133.0,100.0,177.5,0.0,86.58219178082192,88.0,74.5,100.75,0.0,47.821917808219176,47.0,42.0,54.0,0.0,56.56164383561644,57.0,55.0,59.0,0.0,111.44383561643835,111.0,105.875,117.725,4.10958904109589
core6_all_equal,10,K10-C06,146,10.61046511627907,"{""2009-2010"": 31, ""2011-2012"": 14, ""2013-2014"": 24, ""2015-2016"": 31, ""2017-2018"": 23, ""2021-2023"": 23}",33.2677397260274,33.0,29.88,36.3,1.36986301369863,192.4931506849315,183.0,154.0,225.75,0.0,156.54794520547944,152.5,139.25,169.75,0.0,47.10958904109589,47.0,41.0,52.0,0.0,56.24657534246575,56.0,54.0,59.0,0.0,109.0404109589041,107.75,103.0,114.5,0.0
core6_all_equal,10,K10-C04,167,12.136627906976743,"{""2009-2010"": 28, ""2011-2012"": 24, ""2013-2014"": 33, ""2015-2016"": 24, ""2017-2018"": 25, ""2021-2023"": 33}",26.487185628742516,27.0,23.7,29.11,1.1976047904191618,91.50299401197606,83.0,64.0,108.25,4.191616766467066,118.67664670658682,119.0,101.75,137.25,4.191616766467066,58.778443113772454,58.0,51.0,67.0,4.191616766467066,49.1497005988024,49.0,47.0,51.0,0.0,91.20299401197605,92.5,84.3,98.05000000000001,2.3952095808383236
core6_all_equal,10,K10-C09,48,3.488372093023256,"{""2009-2010"": 11, ""2011-2012"": 6, ""2013-2014"": 9, ""2015-2016"": 6, ""2017-2018"": 6, ""2021-2023"": 10}",30.957083333333333,30.049999999999997,27.425,34.0025,0.0,415.375,372.0,326.0,469.75,0.0,113.8125,107.0,82.0,120.0,39.58333333333333,41.29166666666667,39.5,34.0,45.25,0.0,53.958333333333336,54.5,51.75,57.0,0.0,105.01041666666667,104.15,97.82499999999999,112.175,4.166666666666666
core6_all_equal,10,K10-C02,197,14.31686046511628,"{""2009-2010"": 28, ""2011-2012"": 25, ""2013-2014"": 40, ""2015-2016"": 35, ""2017-2018"": 27, ""2021-2023"": 42}",24.99253807106599,25.09,22.5,27.3,0.0,102.42131979695432,90.0,69.0,127.0,6.091370558375635,106.26395939086294,108.0,91.0,122.0,6.091370558375635,59.441624365482234,60.0,52.75,66.25,4.568527918781726,57.55329949238579,58.0,56.0,60.0,0.0,88.31167512690355,89.2,83.5,94.0,0.0
core6_all_equal,10,K10-C05,166,12.063953488372094,"{""2009-2010"": 21, ""2011-2012"": 22, ""2013-2014"": 24, ""2015-2016"": 25, ""2017-2018"": 34, ""2021-2023"": 40}",33.993012048192774,33.6,31.3,36.8,3.0120481927710845,89.74698795180723,88.0,65.25,111.75,4.819277108433735,128.66265060240963,127.0,116.0,143.75,4.819277108433735,66.86144578313252,66.0,60.0,73.0,4.216867469879518,56.54819277108434,57.0,54.0,59.0,0.0,107.63343373493976,106.1,101.5,113.9,4.216867469879518
core6_all_equal,10,K10-C03,162,11.773255813953488,"{""2009-2010"": 24, ""2011-2012"": 34, ""2013-2014"": 24, ""2015-2016"": 22, ""2017-2018"": 34, ""2021-2023"": 24}",25.808395061728397,26.0,23.6,28.2,0.6172839506172839,125.23456790123457,116.0,89.0,162.75,0.0,176.18518518518516,167.5,156.0,190.75,0.0,57.7962962962963,56.0,51.0,65.0,0.0,55.65432098765432,55.5,53.25,58.0,0.0,90.3537037037037,91.05,83.425,95.85,1.2345679012345678
core6_all_equal,10,K10-C10,74,5.377906976744186,"{""2009-2010"": 8, ""2011-2012"": 7, ""2013-2014"": 20, ""2015-2016"": 14, ""2017-2018"": 16, ""2021-2023"": 9}",50.369324324324324,49.05,46.0,53.075,0.0,110.44594594594595,101.0,77.0,121.0,4.054054054054054,109.3108108108108,105.0,88.5,126.5,4.054054054054054,54.2027027027027,51.0,44.75,59.5,2.7027027027027026,55.432432432432435,56.0,53.0,58.0,0.0,137.15608108108108,136.2,129.5,144.7,1.3513513513513513
core6_all_equal,11,K11-C02,150,10.901162790697674,"{""2009-2010"": 16, ""2011-2012"": 31, ""2013-2014"": 26, ""2015-2016"": 17, ""2017-2018"": 34, ""2021-2023"": 26}",24.422,24.3,22.3,26.5675,0.0,119.8,110.5,85.0,144.25,1.3333333333333335,158.44666666666666,155.0,141.0,169.0,1.3333333333333335,58.7,56.0,52.0,66.0,1.3333333333333335,57.06666666666667,57.0,55.0,59.0,0.0,86.608,86.35,81.0,92.5,0.0
core6_all_equal,11,K11-C11,73,5.305232558139535,"{""2009-2010"": 7, ""2011-2012"": 10, ""2013-2014"": 19, ""2015-2016"": 13, ""2017-2018"": 16, ""2021-2023"": 8}",50.94,50.0,46.3,53.9,0.0,112.0958904109589,104.0,78.25,128.25,4.10958904109589,113.35616438356165,112.0,95.0,132.75,4.10958904109589,54.16438356164384,51.0,45.0,58.5,2.73972602739726,54.73972602739726,55.0,52.0,58.0,0.0,136.90342465753423,138.35,130.65,145.125,4.10958904109589
core6_all_equal,11,K11-C01,134,9.738372093023257,"{""2009-2010"": 27, ""2011-2012"": 17, ""2013-2014"": 19, ""2015-2016"": 28, ""2017-2018"": 22, ""2021-2023"": 21}",23.461044776119405,23.09,20.4,25.9,0.7462686567164178,74.37313432835822,65.0,51.0,86.75,2.9850746268656714,115.32089552238807,116.0,95.0,135.75,2.9850746268656714,91.77611940298507,88.0,82.0,97.0,0.0,54.88059701492537,55.0,53.0,57.0,0.0,84.80970149253731,84.0,77.9,90.575,1.4925373134328357
core6_all_equal,11,K11-C07,136,9.883720930232558,"{""2009-2010"": 31, ""2011-2012"": 11, ""2013-2014"": 20, ""2015-2016"": 29, ""2017-2018"": 20, ""2021-2023"": 25}",33.38764705882353,33.105000000000004,30.025,36.45,1.4705882352941175,194.7279411764706,185.0,154.75,227.75,0.0,145.4485294117647,145.0,128.0,157.0,0.0,45.97794117647059,45.0,41.0,51.0,0.0,57.26470588235294,58.0,55.0,60.0,0.0,109.26617647058823,108.3,103.2,114.3,0.0
core6_all_equal,11,K11-C10,47,3.4156976744186043,"{""2009-2010"": 10, ""2011-2012"": 6, ""2013-2014"": 9, ""2015-2016"": 6, ""2017-2018"": 6, ""2021-2023"": 10}",30.715744680851063,29.9,27.1,33.72,0.0,416.5531914893617,373.0,326.5,474.5,0.0,109.72340425531915,99.5,76.75,114.25,40.42553191489361,42.234042553191486,40.0,35.0,47.5,0.0,54.51063829787234,55.0,53.0,57.0,0.0,104.30425531914894,103.0,97.1,111.0,4.25531914893617
core6_all_equal,11,K11-C09,133,9.665697674418606,"{""2009-2010"": 25, ""2011-2012"": 23, ""2013-2014"": 26, ""2015-2016"": 17, ""2017-2018"": 18, ""2021-2023"": 24}",37.67781954887218,37.3,34.3,41.0,0.0,135.47368421052633,122.5,91.5,172.0,2.2556390977443606,118.25563909774436,117.5,100.25,134.75,2.2556390977443606,47.53383458646616,47.5,40.0,53.0,2.2556390977443606,48.92481203007519,49.0,47.0,51.0,0.0,115.65225563909775,114.75,107.85000000000001,122.42500000000001,0.7518796992481203
core6_all_equal,11,K11-C06,77,5.59593023255814,"{""2009-2010"": 18, ""2011-2012"": 10, ""2013-2014"": 12, ""2015-2016"": 17, ""2017-2018"": 14, ""2021-2023"": 6}",29.10168831168831,28.88,27.17,30.8,0.0,160.7922077922078,164.0,115.0,197.0,0.0,191.68831168831167,183.0,170.0,199.0,0.0,50.831168831168824,50.0,46.0,56.0,0.0,51.84415584415584,52.0,50.0,54.0,0.0,98.77077922077922,99.75,92.5,103.1,1.2987012987012987
core6_all_equal,11,K11-C03,172,12.5,"{""2009-2010"": 27, ""2011-2012"": 21, ""2013-2014"": 31, ""2015-2016"": 33, ""2017-2018"": 23, ""2021-2023"": 37}",25.79360465116279,25.95,23.3,27.8,0.5813953488372093,94.43023255813952,87.0,66.0,114.5,5.232558139534884,97.45930232558139,99.0,80.0,113.0,5.232558139534884,58.93604651162791,60.0,53.0,66.0,4.069767441860465,57.418604651162795,58.0,56.0,60.0,0.0,90.2968023255814,90.8,84.9,95.7,0.5813953488372093
core6_all_equal,11,K11-C08,126,9.156976744186046,"{""2009-2010"": 16, ""2011-2012"": 13, ""2013-2014"": 22, ""2015-2016"": 17, ""2017-2018"": 24, ""2021-2023"": 34}",37.12444444444444,37.3,34.225,39.875,0.0,126.42063492063492,115.0,94.0,152.0,0.7936507936507936,88.14285714285714,89.0,78.0,100.0,0.7936507936507936,49.547619047619044,48.0,43.0,55.0,0.7936507936507936,56.76190476190476,57.0,55.0,59.0,0.0,114.97222222222223,115.3,108.4,121.625,4.761904761904762
core6_all_equal,11,K11-C05,169,12.281976744186046,"{""2009-2010"": 19, ""2011-2012"": 24, ""2013-2014"": 22, ""2015-2016"": 28, ""2017-2018"": 32, ""2021-2023"": 44}",33.599763313609465,33.05,30.765,36.324999999999996,2.9585798816568047,92.18343195266272,88.0,68.0,114.0,4.142011834319527,134.3905325443787,134.0,121.0,148.0,4.142011834319527,67.62130177514793,67.0,60.5,74.0,3.5502958579881656,56.30177514792899,56.0,54.0,59.0,0.0,107.18964497041421,105.85,101.1,113.44999999999999,4.142011834319527
core6_all_equal,11,K11-C04,159,11.555232558139535,"{""2009-2010"": 26, ""2011-2012"": 24, ""2013-2014"": 30, ""2015-2016"": 24, ""2017-2018"": 25, ""2021-2023"": 30}",26.48937106918239,26.5,23.5,29.1,1.257861635220126,88.34591194968553,82.5,63.75,103.0,4.40251572327044,115.83647798742139,118.0,101.0,135.0,4.40251572327044,60.35220125786164,60.0,53.0,68.0,4.40251572327044,49.18238993710692,49.0,47.0,51.0,0.0,90.79968553459119,91.75,83.92500000000001,97.625,3.1446540880503147
core6_all_equal,12,K12-C07,135,9.811046511627906,"{""2009-2010"": 27, ""2011-2012"": 15, ""2013-2014"": 17, ""2015-2016"": 28, ""2017-2018"": 25, ""2021-2023"": 23}",34.51814814814815,34.0,31.39,37.25,0.0,158.3777777777778,154.5,124.0,185.0,0.7407407407407408,150.94814814814816,149.5,135.0,162.75,0.7407407407407408,48.977777777777774,48.5,43.0,54.0,0.7407407407407408,57.837037037037035,58.0,56.0,60.0,0.0,110.39444444444445,109.6,103.85,115.775,0.7407407407407408
core6_all_equal,12,K12-C06,71,5.159883720930233,"{""2009-2010"": 17, ""2011-2012"": 9, ""2013-2014"": 11, ""2015-2016"": 15, ""2017-2018"": 13, ""2021-2023"": 6}",29.006338028169015,28.7,27.135,30.7,0.0,162.94366197183098,169.0,119.0,197.5,0.0,193.30985915492957,184.0,170.0,199.5,0.0,51.112676056338024,51.0,47.0,56.0,0.0,51.605633802816904,51.0,50.0,53.0,0.0,98.55704225352113,99.7,92.5,103.0,1.4084507042253522
core6_all_equal,12,K12-C05,127,9.229651162790697,"{""2009-2010"": 12, ""2011-2012"": 19, ""2013-2014"": 20, ""2015-2016"": 27, ""2017-2018"": 22, ""2021-2023"": 27}",34.36267716535433,33.705,31.875,36.8,0.7874015748031495,87.7244094488189,80.0,64.0,104.0,0.7874015748031495,127.34645669291339,125.5,115.0,141.5,0.7874015748031495,72.14173228346456,71.0,64.0,77.5,0.0,54.889763779527556,54.0,53.0,57.0,0.0,108.00590551181102,106.9,102.3,112.975,3.937007874015748
core6_all_equal,12,K12-C11,20,1.4534883720930232,"{""2009-2010"": 5, ""2011-2012"": 2, ""2013-2014"": 2, ""2015-2016"": 3, ""2017-2018"": 4, ""2021-2023"": 4}",29.739,28.66,26.675,33.385000000000005,0.0,527.7,491.0,429.5,538.5,0.0,125.45,172.0,172.0,172.0,95.0,44.65,41.0,35.75,48.0,0.0,53.8,54.0,50.75,58.0,0.0,104.5525,105.0,99.19999999999999,112.1,5.0
core6_all_equal,12,K12-C12,65,4.723837209302325,"{""2009-2010"": 7, ""2011-2012"": 7, ""2013-2014"": 18, ""2015-2016"": 13, ""2017-2018"": 13, ""2021-2023"": 7}",51.39415384615385,50.2,46.42,54.2,0.0,111.55384615384615,101.0,73.0,129.75,4.615384615384616,110.46153846153847,108.0,88.25,130.25,4.615384615384616,54.38461538461539,51.0,45.0,60.0,3.076923076923077,55.16923076923077,56.0,53.0,58.0,0.0,138.48846153846154,138.95,130.95,145.325,1.5384615384615385
core6_all_equal,12,K12-C04,149,10.828488372093023,"{""2009-2010"": 26, ""2011-2012"": 22, ""2013-2014"": 28, ""2015-2016"": 20, ""2017-2018"": 23, ""2021-2023"": 30}",25.9948322147651,26.0,23.25,28.7,1.342281879194631,90.00671140939598,83.5,64.0,106.5,4.697986577181208,116.08724832214764,118.0,101.0,135.0,4.697986577181208,58.87248322147651,58.0,51.25,66.0,4.697986577181208,49.100671140939596,49.0,47.0,51.0,0.0,89.83087248322147,90.6,83.6,97.0,2.684563758389262
core6_all_equal,12,K12-C08,87,6.3226744186046515,"{""2009-2010"": 16, ""2011-2012"": 9, ""2013-2014"": 20, ""2015-2016"": 13, ""2017-2018"": 10, ""2021-2023"": 19}",31.32183908045977,30.6,27.81,34.3,2.2988505747126435,269.98850574712645,263.0,221.5,315.5,0.0,108.91954022988506,111.0,91.5,124.5,0.0,42.42528735632183,41.0,36.5,47.0,0.0,54.632183908045974,55.0,53.0,57.0,0.0,105.47988505747126,105.1,97.9,112.175,1.1494252873563218
core6_all_equal,12,K12-C01,129,9.375,"{""2009-2010"": 26, ""2011-2012"": 16, ""2013-2014"": 20, ""2015-2016"": 27, ""2017-2018"": 19, ""2021-2023"": 21}",23.22,22.700000000000003,20.3,25.71,0.7751937984496124,71.62015503875969,64.0,50.0,83.0,3.10077519379845,115.10077519379846,116.0,95.0,136.0,3.10077519379845,91.84496124031008,88.0,82.0,97.0,0.0,54.89922480620155,55.0,53.0,57.0,0.0,84.02170542635659,83.8,77.5,89.15,1.550387596899225
core6_all_equal,12,K12-C09,118,8.575581395348838,"{""2009-2010"": 16, ""2011-2012"": 14, ""2013-2014"": 21, ""2015-2016"": 14, ""2017-2018"": 21, ""2021-2023"": 32}",37.11254237288136,37.150000000000006,34.225,39.75,0.0,121.29661016949153,114.0,92.0,146.0,0.847457627118644,87.11016949152541,88.0,78.0,99.0,0.847457627118644,50.110169491525426,48.0,44.0,55.0,0.847457627118644,56.64406779661017,57.0,55.0,59.0,0.0,114.94661016949152,115.35,108.375,122.025,5.084745762711865
core6_all_equal,12,K12-C10,121,8.793604651162791,"{""2009-2010"": 22, ""2011-2012"": 23, ""2013-2014"": 21, ""2015-2016"": 15, ""2017-2018"": 18, ""2021-2023"": 22}",38.948760330578516,38.9,35.79,41.6,0.0,126.26446280991736,117.5,91.0,161.5,2.479338842975207,122.26446280991736,122.0,103.0,138.0,2.479338842975207,48.01652892561983,48.0,41.25,53.75,2.479338842975207,48.84297520661157,49.0,47.0,51.0,0.0,117.28264462809918,117.5,109.8,123.35,1.6528925619834711
core6_all_equal,12,K12-C02,165,11.991279069767442,"{""2009-2010"": 18, ""2011-2012"": 33, ""2013-2014"": 26, ""2015-2016"": 20, ""2017-2018"": 37, ""2021-2023"": 31}",24.913757575757575,24.7,22.55,27.15,1.2121212121212122,116.13939393939394,108.5,83.0,138.0,0.6060606060606061,159.11515151515152,156.0,143.75,168.25,0.6060606060606061,59.32121212121212,58.0,53.0,66.25,0.6060606060606061,57.012121212121215,57.0,55.0,59.0,0.0,88.13454545454545,88.4,81.3,94.4,1.2121212121212122
core6_all_equal,12,K12-C03,189,13.73546511627907,"{""2009-2010"": 30, ""2011-2012"": 21, ""2013-2014"": 32, ""2015-2016"": 34, ""2017-2018"": 29, ""2021-2023"": 43}",26.196137566137565,26.6,23.4,28.575000000000003,1.5873015873015872,93.05291005291005,86.5,65.25,113.75,7.936507936507936,100.56613756613757,102.0,84.25,115.75,7.936507936507936,59.6931216931217,60.5,53.75,67.0,6.878306878306878,57.48677248677249,58.0,56.0,60.0,0.0,91.32910052910053,91.6,85.65,97.2,1.0582010582010581
core6_all_equal,13,K13-C13,59,4.287790697674419,"{""2009-2010"": 6, ""2011-2012"": 6, ""2013-2014"": 16, ""2015-2016"": 13, ""2017-2018"": 10, ""2021-2023"": 8}",52.13389830508474,50.4,48.1,54.7,0.0,108.9322033898305,101.0,67.0,123.0,3.389830508474576,109.4406779661017,105.0,89.0,128.0,3.389830508474576,54.47457627118644,51.0,45.0,60.5,1.694915254237288,54.66101694915254,55.0,52.5,57.5,0.0,139.4822033898305,140.14999999999998,133.0,147.225,1.694915254237288
core6_all_equal,13,K13-C03,158,11.482558139534884,"{""2009-2010"": 15, ""2011-2012"": 32, ""2013-2014"": 26, ""2015-2016"": 21, ""2017-2018"": 35, ""2021-2023"": 29}",25.162974683544306,24.85,23.075000000000003,27.424999999999997,1.2658227848101267,118.25949367088607,111.0,85.0,143.0,0.6329113924050633,159.77848101265823,157.0,145.0,169.0,0.6329113924050633,58.54430379746835,56.0,52.0,66.0,0.0,57.12658227848101,57.0,55.0,59.0,0.0,88.80316455696203,89.25,82.3,94.8,1.2658227848101267
core6_all_equal,13,K13-C10,134,9.738372093023257,"{""2009-2010"": 24, ""2011-2012"": 26, ""2013-2014"": 24, ""2015-2016"": 17, ""2017-2018"": 18, ""2021-2023"": 25}",38.28917910447761,38.004999999999995,34.7,41.3,0.0,126.61194029850746,118.0,91.0,156.0,2.2388059701492535,118.94029850746269,118.0,100.0,135.5,2.2388059701492535,48.156716417910445,48.0,42.0,54.0,2.2388059701492535,49.17910447761194,49.0,47.0,51.0,0.0,116.16567164179104,115.4,108.425,122.5,1.4925373134328357
core6_all_equal,13,K13-C08,108,7.848837209302325,"{""2009-2010"": 19, ""2011-2012"": 15, ""2013-2014"": 14, ""2015-2016"": 24, ""2017-2018"": 20, ""2021-2023"": 16}",34.041666666666664,33.7,31.275,36.3,0.0,163.48148148148147,160.0,128.75,190.0,0.0,157.97222222222223,154.5,143.75,170.25,0.0,48.81481481481481,49.0,42.75,53.25,0.0,57.5462962962963,58.0,56.0,60.0,0.0,110.03888888888889,108.9,103.95,114.64999999999999,0.0
core6_all_equal,13,K13-C07,70,5.087209302325581,"{""2009-2010"": 17, ""2011-2012"": 8, ""2013-2014"": 11, ""2015-2016"": 15, ""2017-2018"": 13, ""2021-2023"": 6}",28.929285714285715,28.689999999999998,27.1175,30.625,0.0,163.85714285714286,171.0,117.0,201.0,0.0,193.4714285714286,184.0,170.0,199.75,0.0,50.74285714285714,50.5,46.25,56.0,0.0,51.471428571428575,51.0,50.0,53.0,0.0,98.33642857142857,99.7,92.5,103.0,1.4285714285714286
core6_all_equal,13,K13-C05,171,12.42732558139535,"{""2009-2010"": 33, ""2011-2012"": 19, ""2013-2014"": 23, ""2015-2016"": 26, ""2017-2018"": 26, ""2021-2023"": 44}",28.924269005847954,28.76,26.8,31.049999999999997,2.3391812865497075,104.42690058479533,99.0,80.0,131.0,8.187134502923977,97.12865497076024,99.0,79.0,113.0,8.187134502923977,54.3625730994152,55.0,48.0,60.0,8.187134502923977,56.98830409356725,57.0,55.0,59.0,0.0,97.46140350877192,97.3,92.4,102.2,3.508771929824561
core6_all_equal,13,K13-C01,74,5.377906976744186,"{""2009-2010"": 14, ""2011-2012"": 8, ""2013-2014"": 8, ""2015-2016"": 18, ""2017-2018"": 14, ""2021-2023"": 12}",24.06797297297297,23.53,20.5,26.1,1.3513513513513513,70.1081081081081,61.0,50.0,82.0,4.054054054054054,118.41891891891892,116.0,95.0,141.0,4.054054054054054,100.48648648648648,96.0,90.0,107.5,0.0,54.148648648648646,55.0,52.0,57.0,0.0,85.94662162162162,84.8,80.3,91.7,1.3513513513513513
core6_all_equal,13,K13-C04,136,9.883720930232558,"{""2009-2010"": 22, ""2011-2012"": 19, ""2013-2014"": 27, ""2015-2016"": 20, ""2017-2018"": 21, ""2021-2023"": 27}",25.72404411764706,25.605,23.025,28.175,1.4705882352941175,89.35294117647058,83.0,64.0,105.0,4.411764705882353,118.31617647058823,119.5,104.0,135.75,4.411764705882353,59.36764705882353,59.0,52.0,67.0,4.411764705882353,48.845588235294116,49.0,47.0,51.0,0.0,89.2764705882353,90.2,83.3,95.275,2.941176470588235
core6_all_equal,13,K13-C12,15,1.0901162790697674,"{""2009-2010"": 4, ""2011-2012"": 1, ""2013-2014"": 2, ""2015-2016"": 2, ""2017-2018"": 2, ""2021-2023"": 4}",29.540666666666667,28.72,27.4,32.27,0.0,566.3333333333334,511.0,487.5,600.5,0.0,123.0,,,,100.0,43.06666666666666,41.0,35.5,46.0,0.0,52.733333333333334,53.0,49.5,55.5,0.0,104.24333333333334,104.19999999999999,98.475,110.15,6.666666666666667
core6_all_equal,13,K13-C02,136,9.883720930232558,"{""2009-2010"": 25, ""2011-2012"": 17, ""2013-2014"": 24, ""2015-2016"": 23, ""2017-2018"": 18, ""2021-2023"": 29}",22.887058823529415,22.5,20.675,25.3,0.0,78.53676470588235,73.0,53.75,92.5,2.941176470588235,109.00735294117648,111.0,91.75,128.0,2.941176470588235,72.75735294117646,74.0,66.0,80.0,1.4705882352941175,56.544117647058826,56.0,55.0,59.0,0.0,83.1033088235294,82.9,77.65,88.30000000000001,0.7352941176470588
core6_all_equal,13,K13-C11,108,7.848837209302325,"{""2009-2010"": 14, ""2011-2012"": 9, ""2013-2014"": 21, ""2015-2016"": 14, ""2017-2018"": 25, ""2021-2023"": 25}",38.90277777777778,38.9,36.0,41.125,0.0,131.57407407407408,126.0,99.0,159.75,1.8518518518518516,99.39814814814815,98.0,85.0,116.0,1.8518518518518516,48.55555555555556,47.0,43.0,54.0,1.8518518518518516,57.657407407407405,58.0,56.0,60.0,0.0,118.37962962962962,117.7,113.2,124.92500000000001,3.7037037037037033
core6_all_equal,13,K13-C09,82,5.959302325581396,"{""2009-2010"": 14, ""2011-2012"": 10, ""2013-2014"": 20, ""2015-2016"": 12, ""2017-2018"": 11, ""2021-2023"": 15}",31.077439024390245,30.450000000000003,27.5,34.125,2.4390243902439024,290.5975609756098,285.5,249.0,326.75,0.0,110.60975609756098,110.5,90.75,129.5,4.878048780487805,43.548780487804876,41.0,37.0,47.75,0.0,54.81707317073171,55.0,53.0,57.0,0.0,105.34939024390243,104.7,98.5,112.1,1.2195121951219512
core6_all_equal,13,K13-C06,125,9.084302325581394,"{""2009-2010"": 15, ""2011-2012"": 20, ""2013-2014"": 20, ""2015-2016"": 24, ""2017-2018"": 21, ""2021-2023"": 25}",34.81032,34.5,32.1,37.2,0.0,86.08,77.5,63.0,104.0,0.8,125.904,126.0,113.0,142.25,0.8,72.256,72.0,65.0,77.0,0.0,54.92,55.0,53.0,57.0,0.0,108.9424,107.4,103.3,114.3,3.2
core6_all_equal,14,K14-C02,140,10.174418604651162,"{""2009-2010"": 25, ""2011-2012"": 17, ""2013-2014"": 23, ""2015-2016"": 27, ""2017-2018"": 19, ""2021-2023"": 29}",22.957500000000003,22.5,20.675,25.325,0.0,78.85714285714285,73.0,53.0,94.25,2.857142857142857,107.89285714285714,108.5,91.0,127.25,2.857142857142857,73.32857142857142,75.0,66.0,80.0,1.4285714285714286,56.44285714285714,56.0,55.0,59.0,0.0,83.25178571428572,82.9,77.45,88.55,0.7142857142857143
core6_all_equal,14,K14-C12,102,7.412790697674419,"{""2009-2010"": 16, ""2011-2012"": 17, ""2013-2014"": 18, ""2015-2016"": 17, ""2017-2018"": 16, ""2021-2023"": 18}",39.83598039215686,40.1,36.9,41.9375,0.0,125.1470588235294,117.0,83.5,164.0,2.941176470588235,126.07843137254902,127.0,110.0,141.0,2.941176470588235,48.64705882352941,48.0,41.5,53.5,2.941176470588235,48.68627450980392,49.0,47.0,51.0,0.0,119.39607843137256,120.35,113.95,124.625,1.9607843137254901
core6_all_equal,14,K14-C10,79,5.741279069767442,"{""2009-2010"": 14, ""2011-2012"": 10, ""2013-2014"": 18, ""2015-2016"": 11, ""2017-2018"": 9, ""2021-2023"": 17}",31.923417721518987,31.19,28.0,35.51,2.5316455696202533,295.22784810126586,287.0,249.0,332.0,0.0,108.0379746835443,106.0,85.25,123.0,6.329113924050633,43.20253164556962,41.0,36.0,47.5,0.0,54.74683544303797,55.0,53.0,57.0,0.0,107.18037974683544,105.9,100.175,114.175,1.2658227848101267
core6_all_equal,14,K14-C05,136,9.883720930232558,"{""2009-2010"": 26, ""2011-2012"": 13, ""2013-2014"": 22, ""2015-2016"": 26, ""2017-2018"": 17, ""2021-2023"": 32}",27.28058823529412,27.2,24.994999999999997,29.59,0.7352941176470588,117.63235294117646,111.0,84.0,145.5,9.558823529411764,106.16176470588235,109.0,90.5,121.5,9.558823529411764,52.36764705882353,53.0,47.0,57.25,8.823529411764707,58.0514705882353,59.0,56.75,60.0,0.0,93.82279411764706,94.0,89.275,99.8,0.0
core6_all_equal,14,K14-C11,124,9.011627906976743,"{""2009-2010"": 17, ""2011-2012"": 11, ""2013-2014"": 24, ""2015-2016"": 20, ""2017-2018"": 30, ""2021-2023"": 22}",39.773387096774194,39.3,37.2,42.4,0.0,123.15322580645162,114.0,93.0,151.0,2.4193548387096775,109.74193548387098,109.0,89.0,130.0,2.4193548387096775,50.61290322580645,49.0,44.25,56.0,1.6129032258064515,57.83870967741935,58.0,56.0,60.0,0.0,120.37701612903226,120.7,115.0,126.0,2.4193548387096775
core6_all_equal,14,K14-C07,60,4.3604651162790695,"{""2009-2010"": 13, ""2011-2012"": 6, ""2013-2014"": 11, ""2015-2016"": 14, ""2017-2018"": 11, ""2021-2023"": 5}",28.864166666666666,28.555,26.86,30.7,0.0,161.78333333333333,169.5,108.75,199.25,0.0,196.25,183.5,170.0,207.5,0.0,50.65,50.0,45.75,56.0,0.0,51.0,51.0,49.0,53.0,0.0,98.01416666666667,99.7,91.15,103.0,1.6666666666666667
core6_all_equal,14,K14-C14,48,3.488372093023256,"{""2009-2010"": 3, ""2011-2012"": 6, ""2013-2014"": 13, ""2015-2016"": 10, ""2017-2018"": 9, ""2021-2023"": 7}",53.41729166666667,51.95,49.075,55.9375,0.0,108.125,101.0,69.5,125.5,2.083333333333333,104.375,104.0,85.0,117.5,2.083333333333333,54.729166666666664,52.0,44.0,60.0,2.083333333333333,54.416666666666664,54.5,52.0,57.0,0.0,141.39479166666666,142.6,135.2,149.15,2.083333333333333
core6_all_equal,14,K14-C08,110,7.994186046511628,"{""2009-2010"": 22, ""2011-2012"": 18, ""2013-2014"": 20, ""2015-2016"": 10, ""2017-2018"": 17, ""2021-2023"": 23}",32.909,33.004999999999995,30.25,35.9,1.8181818181818181,109.04545454545455,101.5,74.75,142.0,1.8181818181818181,87.5,89.0,70.75,103.25,1.8181818181818181,53.372727272727275,53.0,45.0,59.0,1.8181818181818181,52.14545454545455,52.0,51.0,54.0,0.0,104.36318181818181,106.1,99.2,108.75,6.363636363636363
core6_all_equal,14,K14-C01,73,5.305232558139535,"{""2009-2010"": 12, ""2011-2012"": 9, ""2013-2014"": 8, ""2015-2016"": 17, ""2017-2018"": 14, ""2021-2023"": 13}",24.66794520547945,24.655,21.325,26.45,1.36986301369863,70.17808219178082,60.0,50.25,76.0,4.10958904109589,118.87671232876713,116.5,95.0,141.0,4.10958904109589,100.87671232876713,97.0,90.0,108.0,0.0,54.082191780821915,54.0,52.0,57.0,0.0,87.22671232876712,85.65,80.7,93.5,1.36986301369863
core6_all_equal,14,K14-C04,132,9.593023255813954,"{""2009-2010"": 23, ""2011-2012"": 21, ""2013-2014"": 24, ""2015-2016"": 19, ""2017-2018"": 20, ""2021-2023"": 25}",25.808939393939394,25.7,23.0,28.205,0.7575757575757576,86.81818181818181,83.0,64.0,103.0,3.787878787878788,121.9469696969697,122.0,109.0,138.0,3.787878787878788,60.53030303030303,60.0,54.0,68.0,3.787878787878788,48.803030303030305,49.0,47.0,51.0,0.0,89.4905303030303,90.0,83.3,97.0,2.272727272727273
core6_all_equal,14,K14-C03,127,9.229651162790697,"{""2009-2010"": 12, ""2011-2012"": 29, ""2013-2014"": 23, ""2015-2016"": 14, ""2017-2018"": 28, ""2021-2023"": 21}",24.807716535433073,24.6,22.725,26.8,0.7874015748031495,116.03149606299212,109.0,84.0,135.0,0.0,165.40944881889766,161.0,152.0,173.5,0.0,59.01574803149607,57.0,53.0,65.5,0.0,56.83464566929134,57.0,55.0,59.0,0.0,87.90354330708661,87.95,81.6,93.675,0.7874015748031495
core6_all_equal,14,K14-C06,123,8.938953488372094,"{""2009-2010"": 14, ""2011-2012"": 18, ""2013-2014"": 18, ""2015-2016"": 19, ""2017-2018"": 22, ""2021-2023"": 32}",33.07658536585366,32.7,30.2,35.3,1.6260162601626018,86.54471544715446,83.0,64.0,108.0,1.6260162601626018,131.2520325203252,128.0,119.0,145.0,1.6260162601626018,70.1219512195122,69.0,64.0,75.0,0.8130081300813009,56.6910569105691,57.0,54.5,59.0,0.0,106.35325203252033,105.35,101.0,111.375,4.0650406504065035
core6_all_equal,14,K14-C09,108,7.848837209302325,"{""2009-2010"": 21, ""2011-2012"": 14, ""2013-2014"": 13, ""2015-2016"": 23, ""2017-2018"": 20, ""2021-2023"": 17}",33.055,33.0,30.25,35.6,0.9259259259259258,176.47222222222223,173.5,139.0,203.0,0.0,160.33333333333331,156.0,144.75,173.5,0.0,48.72222222222222,49.0,42.0,53.25,0.0,56.80555555555556,57.0,55.0,59.0,0.0,107.86805555555556,107.0,103.0,112.5,0.9259259259259258
core6_all_equal,14,K14-C13,14,1.0174418604651163,"{""2009-2010"": 4, ""2011-2012"": 1, ""2013-2014"": 1, ""2015-2016"": 2, ""2017-2018"": 2, ""2021-2023"": 4}",29.479285714285716,28.66,27.2,32.735,0.0,576.0,517.5,491.0,626.25,0.0,123.0,,,,100.0,44.5,42.0,36.25,47.0,0.0,52.714285714285715,53.5,49.25,55.75,0.0,104.175,103.3,97.6,111.0,7.142857142857142
core6_all_equal,15,K15-C12,116,8.430232558139535,"{""2009-2010"": 15, ""2011-2012"": 10, ""2013-2014"": 22, ""2015-2016"": 17, ""2017-2018"": 30, ""2021-2023"": 22}",39.650689655172414,39.2,37.175000000000004,42.175,0.0,125.56896551724138,116.0,96.0,155.0,2.586206896551724,107.61206896551724,107.0,88.0,128.0,2.586206896551724,49.655172413793096,48.5,44.0,55.0,1.7241379310344827,57.92241379310345,58.0,56.75,60.0,0.0,120.11508620689655,119.5,114.9,126.0,2.586206896551724
core6_all_equal,15,K15-C08,109,7.921511627906977,"{""2009-2010"": 15, ""2011-2012"": 16, ""2013-2014"": 17, ""2015-2016"": 24, ""2017-2018"": 15, ""2021-2023"": 22}",35.29807339449541,34.9,32.5,37.4,0.0,85.29357798165137,77.0,62.5,104.5,0.9174311926605505,124.5045871559633,125.5,113.0,138.0,0.9174311926605505,72.03669724770641,71.0,65.0,77.0,0.0,54.84403669724771,55.0,53.0,57.0,0.0,109.59449541284404,108.0,103.7,115.6,3.669724770642202
core6_all_equal,15,K15-C11,72,5.232558139534884,"{""2009-2010"": 14, ""2011-2012"": 8, ""2013-2014"": 14, ""2015-2016"": 11, ""2017-2018"": 8, ""2021-2023"": 17}",32.44236111111111,31.950000000000003,28.424999999999997,35.6,2.7777777777777777,298.97222222222223,296.0,253.5,333.25,0.0,107.15277777777779,104.5,81.75,123.5,5.555555555555555,43.291666666666664,41.0,36.0,47.25,0.0,55.041666666666664,55.5,53.0,58.0,0.0,108.22013888888888,106.3,100.69999999999999,114.95,1.3888888888888888
core6_all_equal,15,K15-C05,117,8.502906976744185,"{""2009-2010"": 17, ""2011-2012"": 22, ""2013-2014"": 21, ""2015-2016"": 17, ""2017-2018"": 26, ""2021-2023"": 14}",25.36991452991453,25.53,23.4,27.35,0.8547008547008548,149.3760683760684,144.0,116.5,180.5,2.564102564102564,142.02564102564102,141.5,131.25,153.0,2.564102564102564,50.78632478632478,51.0,47.0,55.0,1.7094017094017095,56.58974358974359,56.0,55.0,59.0,0.0,89.49358974358974,89.95,84.15,94.47500000000001,0.8547008547008548
core6_all_equal,15,K15-C04,107,7.776162790697675,"{""2009-2010"": 20, ""2011-2012"": 15, ""2013-2014"": 20, ""2015-2016"": 16, ""2017-2018"": 17, ""2021-2023"": 19}",25.15785046728972,25.369999999999997,22.75,27.7,0.9345794392523363,83.57943925233644,80.0,63.0,99.5,3.7383177570093453,122.06542056074767,121.0,107.0,139.0,3.7383177570093453,62.570093457943926,63.0,57.0,71.0,3.7383177570093453,48.4392523364486,48.0,47.0,50.5,0.0,87.6429906542056,87.0,82.3,94.1,1.8691588785046727
core6_all_equal,15,K15-C02,123,8.938953488372094,"{""2009-2010"": 21, ""2011-2012"": 18, ""2013-2014"": 21, ""2015-2016"": 23, ""2017-2018"": 18, ""2021-2023"": 22}",22.590243902439024,22.2,20.55,24.605,0.0,77.41463414634146,72.0,53.0,91.25,2.4390243902439024,106.61788617886178,108.0,91.75,123.25,2.4390243902439024,72.70731707317073,74.0,65.25,80.0,0.8130081300813009,56.08130081300813,56.0,54.0,58.0,0.0,82.96178861788619,82.2,77.4,87.6,1.6260162601626018
core6_all_equal,15,K15-C06,130,9.44767441860465,"{""2009-2010"": 22, ""2011-2012"": 16, ""2013-2014"": 25, ""2015-2016"": 18, ""2017-2018"": 13, ""2021-2023"": 36}",28.761923076923075,28.635,26.7,31.25,1.5384615384615385,97.32307692307693,89.0,74.5,115.75,9.230769230769232,99.02307692307691,100.0,80.0,113.0,9.230769230769232,56.66923076923077,57.0,51.0,62.0,9.230769230769232,58.269230769230774,59.0,57.0,60.0,0.0,96.90384615384616,97.6,91.9,101.5,1.5384615384615385
core6_all_equal,15,K15-C01,70,5.087209302325581,"{""2009-2010"": 13, ""2011-2012"": 8, ""2013-2014"": 7, ""2015-2016"": 17, ""2017-2018"": 14, ""2021-2023"": 11}",24.183857142857143,23.9,20.6,26.1,1.4285714285714286,70.77142857142857,62.0,50.5,82.0,4.285714285714286,117.92857142857143,116.0,95.0,140.5,4.285714285714286,101.4,97.0,91.25,108.0,0.0,54.214285714285715,55.0,52.0,57.0,0.0,86.125,85.0,80.3,93.3,1.4285714285714286
core6_all_equal,15,K15-C15,48,3.488372093023256,"{""2009-2010"": 3, ""2011-2012"": 6, ""2013-2014"": 13, ""2015-2016"": 10, ""2017-2018"": 9, ""2021-2023"": 7}",53.41729166666667,51.95,49.075,55.9375,0.0,108.125,101.0,69.5,125.5,2.083333333333333,104.375,104.0,85.0,117.5,2.083333333333333,54.729166666666664,52.0,44.0,60.0,2.083333333333333,54.416666666666664,54.5,52.0,57.0,0.0,141.39479166666666,142.6,135.2,149.15,2.083333333333333
core6_all_equal,15,K15-C13,104,7.55813953488372,"{""2009-2010"": 18, ""2011-2012"": 18, ""2013-2014"": 17, ""2015-2016"": 16, ""2017-2018"": 15, ""2021-2023"": 20}",39.88817307692308,40.1,37.1,42.075,0.0,125.65384615384616,116.0,88.0,165.0,2.8846153846153846,123.59615384615385,122.0,108.0,141.0,2.8846153846153846,48.18269230769231,48.0,42.0,54.0,2.8846153846153846,48.769230769230774,49.0,47.0,51.0,0.0,119.5875,120.35,114.0,124.875,1.9230769230769231
core6_all_equal,15,K15-C10,93,6.758720930232558,"{""2009-2010"": 16, ""2011-2012"": 13, ""2013-2014"": 13, ""2015-2016"": 21, ""2017-2018"": 18, ""2021-2023"": 12}",33.928064516129034,33.5,31.3,35.73,0.0,173.63440860215053,171.0,139.0,202.0,0.0,162.68817204301075,157.0,148.0,175.0,0.0,48.1505376344086,48.0,41.0,53.0,0.0,57.075268817204304,57.0,55.0,59.0,0.0,109.8741935483871,109.0,104.2,114.0,0.0
core6_all_equal,15,K15-C03,99,7.194767441860465,"{""2009-2010"": 12, ""2011-2012"": 15, ""2013-2014"": 13, ""2015-2016"": 13, ""2017-2018"": 17, ""2021-2023"": 29}",25.857979797979798,26.05,23.7,28.6,1.0101010101010102,95.03030303030303,89.0,75.0,111.0,0.0,167.27272727272728,162.0,153.0,178.5,0.0,68.38383838383838,68.0,62.0,74.0,0.0,57.494949494949495,58.0,56.0,59.0,0.0,90.76717171717172,91.55,83.825,96.775,1.0101010101010102
core6_all_equal,15,K15-C09,110,7.994186046511628,"{""2009-2010"": 17, ""2011-2012"": 18, ""2013-2014"": 20, ""2015-2016"": 10, ""2017-2018"": 21, ""2021-2023"": 24}",31.156545454545455,30.94,28.6,33.5,2.727272727272727,118.38181818181818,116.0,89.5,146.0,2.727272727272727,95.39999999999999,98.0,80.0,112.0,2.727272727272727,49.24545454545454,51.0,42.5,54.5,2.727272727272727,51.8,52.0,50.0,53.0,0.0,101.31545454545454,102.15,96.975,106.92500000000001,5.454545454545454
core6_all_equal,15,K15-C07,63,4.578488372093023,"{""2009-2010"": 15, ""2011-2012"": 6, ""2013-2014"": 11, ""2015-2016"": 14, ""2017-2018"": 11, ""2021-2023"": 6}",28.807936507936507,28.5,26.72,30.549999999999997,0.0,160.44444444444446,169.0,108.5,200.0,0.0,195.84126984126982,184.0,170.0,203.5,0.0,50.98412698412698,50.0,46.5,56.0,0.0,51.06349206349206,51.0,49.0,53.0,0.0,98.13095238095238,99.7,91.75,102.95,1.5873015873015872
core6_all_equal,15,K15-C14,15,1.0901162790697674,"{""2009-2010"": 4, ""2011-2012"": 1, ""2013-2014"": 2, ""2015-2016"": 2, ""2017-2018"": 2, ""2021-2023"": 4}",29.540666666666667,28.72,27.4,32.27,0.0,566.3333333333334,511.0,487.5,600.5,0.0,123.0,,,,100.0,43.06666666666666,41.0,35.5,46.0,0.0,52.733333333333334,53.0,49.5,55.5,0.0,104.24333333333334,104.19999999999999,98.475,110.15,6.666666666666667
core6_all_equal,16,K16-C11,99,7.194767441860465,"{""2009-2010"": 17, ""2011-2012"": 10, ""2013-2014"": 13, ""2015-2016"": 18, ""2017-2018"": 21, ""2021-2023"": 20}",39.46939393939394,39.2,36.05,42.0,0.0,119.23232323232324,114.0,92.0,140.0,4.040404040404041,141.2929292929293,138.0,128.0,155.0,4.040404040404041,57.63636363636364,56.0,50.0,66.0,2.0202020202020203,57.09090909090909,57.0,55.0,59.0,0.0,119.21464646464646,118.5,113.9,124.35000000000001,1.0101010101010102
core6_all_equal,16,K16-C08,65,4.723837209302325,"{""2009-2010"": 14, ""2011-2012"": 6, ""2013-2014"": 12, ""2015-2016"": 16, ""2017-2018"": 11, ""2021-2023"": 6}",28.69076923076923,28.3,26.4,30.7,0.0,158.73846153846154,162.0,115.0,196.0,0.0,197.16923076923078,188.0,173.0,207.0,0.0,51.353846153846156,51.0,47.0,56.0,0.0,51.55384615384615,51.0,50.0,53.0,0.0,98.01923076923077,99.55000000000001,91.375,103.0,1.5384615384615385
core6_all_equal,16,K16-C01,61,4.433139534883721,"{""2009-2010"": 10, ""2011-2012"": 8, ""2013-2014"": 8, ""2015-2016"": 14, ""2017-2018"": 12, ""2021-2023"": 9}",24.65196721311475,24.48,20.5,26.45,1.639344262295082,70.57377049180329,60.0,50.0,79.25,4.918032786885246,123.29508196721312,123.5,100.75,141.0,4.918032786885246,103.18032786885246,100.0,94.0,109.0,0.0,53.90163934426229,55.0,52.0,56.0,0.0,86.9483606557377,85.25,80.375,93.35,1.639344262295082
core6_all_equal,16,K16-C10,75,5.450581395348837,"{""2009-2010"": 13, ""2011-2012"": 12, ""2013-2014"": 15, ""2015-2016"": 5, ""2017-2018"": 14, ""2021-2023"": 16}",29.961066666666667,29.955,27.725,32.48,1.3333333333333335,141.53333333333333,135.0,107.5,172.5,0.0,86.4,90.0,71.0,104.0,0.0,44.99999999999999,45.0,39.0,51.0,0.0,51.61333333333333,52.0,50.0,53.0,0.0,100.22066666666667,100.05,93.175,106.825,4.0
core6_all_equal,16,K16-C12,64,4.651162790697675,"{""2009-2010"": 14, ""2011-2012"": 7, ""2013-2014"": 12, ""2015-2016"": 9, ""2017-2018"": 7, ""2021-2023"": 15}",32.21640625,31.305,28.175,35.8775,3.125,307.921875,306.0,262.75,350.25,0.0,110.078125,109.0,85.75,129.0,6.25,43.890625,41.5,37.0,48.0,0.0,55.234375,56.0,53.0,58.0,0.0,107.73984375,106.3,100.5,114.6,1.5625
core6_all_equal,16,K16-C05,123,8.938953488372094,"{""2009-2010"": 12, ""2011-2012"": 22, ""2013-2014"": 19, ""2015-2016"": 17, ""2017-2018"": 36, ""2021-2023"": 17}",24.494959349593497,24.5,22.5,26.95,0.8130081300813009,105.48780487804878,101.0,77.0,127.5,7.317073170731707,137.26829268292684,139.0,126.25,152.0,7.317073170731707,54.829268292682926,55.0,50.75,59.0,5.691056910569105,54.86178861788618,55.0,53.0,56.0,0.0,86.8020325203252,86.44999999999999,80.95,91.775,2.4390243902439024
core6_all_equal,16,K16-C02,103,7.4854651162790695,"{""2009-2010"": 16, ""2011-2012"": 12, ""2013-2014"": 17, ""2015-2016"": 22, ""2017-2018"": 14, ""2021-2023"": 22}",22.58242718446602,22.2,20.5,24.325000000000003,0.0,76.72815533980582,68.5,51.0,92.0,0.9708737864077669,97.6504854368932,99.0,86.0,114.75,0.9708737864077669,76.35922330097087,77.0,69.0,83.0,0.0,56.300970873786405,56.0,55.0,59.0,0.0,82.99271844660194,82.65,77.225,88.15,0.9708737864077669
core6_all_equal,16,K16-C06,126,9.156976744186046,"{""2009-2010"": 21, ""2011-2012"": 16, ""2013-2014"": 26, ""2015-2016"": 16, ""2017-2018"": 12, ""2021-2023"": 35}",29.060396825396825,28.95,26.8,32.0,1.5873015873015872,95.51587301587301,87.5,69.75,113.75,7.936507936507936,100.21428571428571,102.0,81.0,114.0,7.936507936507936,57.84920634920635,58.0,52.0,63.25,7.936507936507936,58.46825396825397,59.0,57.0,60.0,0.0,97.34087301587302,98.8,92.0,102.1,0.7936507936507936
core6_all_equal,16,K16-C03,101,7.340116279069768,"{""2009-2010"": 16, ""2011-2012"": 14, ""2013-2014"": 13, ""2015-2016"": 14, ""2017-2018"": 14, ""2021-2023"": 30}",26.084752475247527,26.1,23.349999999999998,28.7025,0.9900990099009901,89.61386138613861,85.0,71.0,108.0,0.0,159.07920792079207,156.0,140.0,169.0,0.0,72.18811881188118,72.0,66.0,78.0,0.0,57.910891089108915,58.0,57.0,59.0,0.0,91.27376237623761,91.85,83.65,97.8,0.9900990099009901
core6_all_equal,16,K16-C14,97,7.049418604651163,"{""2009-2010"": 14, ""2011-2012"": 19, ""2013-2014"": 16, ""2015-2016"": 14, ""2017-2018"": 17, ""2021-2023"": 17}",39.58030927835051,39.7,36.5,41.75,0.0,126.58762886597938,118.0,91.0,161.5,3.0927835051546393,123.6082474226804,122.0,108.25,139.5,3.0927835051546393,47.14432989690721,47.0,40.25,51.0,3.0927835051546393,48.31958762886598,48.0,47.0,50.0,0.0,118.34123711340206,119.1,112.35,123.6,2.0618556701030926
core6_all_equal,16,K16-C16,49,3.561046511627907,"{""2009-2010"": 4, ""2011-2012"": 6, ""2013-2014"": 13, ""2015-2016"": 10, ""2017-2018"": 9, ""2021-2023"": 7}",53.27142857142857,51.7,49.0,55.7,0.0,111.14285714285714,102.0,70.75,133.0,2.0408163265306123,105.06122448979592,104.0,86.0,119.75,2.0408163265306123,54.38775510204081,51.5,43.0,59.5,2.0408163265306123,54.48979591836735,55.0,52.0,57.0,0.0,141.37244897959184,142.6,135.45,149.075,2.0408163265306123
core6_all_equal,16,K16-C09,115,8.357558139534884,"{""2009-2010"": 23, ""2011-2012"": 18, ""2013-2014"": 17, ""2015-2016"": 23, ""2017-2018"": 20, ""2021-2023"": 14}",30.25486956521739,30.14,27.5,33.0,0.0,181.9304347826087,175.0,149.5,207.5,0.0,158.3913043478261,155.0,142.0,173.0,0.0,47.47826086956521,48.0,41.0,52.0,0.0,57.61739130434783,58.0,56.0,60.0,0.0,101.4095652173913,102.6,95.75,106.9,0.0
core6_all_equal,16,K16-C13,94,6.831395348837209,"{""2009-2010"": 10, ""2011-2012"": 10, ""2013-2014"": 16, ""2015-2016"": 15, ""2017-2018"": 19, ""2021-2023"": 24}",38.497021276595746,38.349999999999994,35.9,41.1,0.0,129.18085106382978,116.5,94.25,159.5,0.0,89.77659574468083,90.0,78.5,100.0,0.0,48.744680851063826,47.0,43.0,54.0,0.0,57.24468085106383,58.0,55.0,59.0,0.0,118.01702127659574,117.75,113.2,124.57499999999999,4.25531914893617
core6_all_equal,16,K16-C04,84,6.104651162790697,"{""2009-2010"": 16, ""2011-2012"": 14, ""2013-2014"": 15, ""2015-2016"": 14, ""2017-2018"": 11, ""2021-2023"": 14}",24.730833333333333,24.8,22.354999999999997,27.6,1.1904761904761905,84.78571428571428,82.0,65.0,99.0,3.571428571428571,119.63095238095238,119.0,102.0,137.0,3.571428571428571,62.42857142857143,63.0,57.0,71.0,3.571428571428571,47.642857142857146,48.0,46.0,49.0,0.0,86.86964285714285,86.4,80.35,94.0,1.1904761904761905
core6_all_equal,16,K16-C07,105,7.630813953488372,"{""2009-2010"": 18, ""2011-2012"": 15, ""2013-2014"": 22, ""2015-2016"": 20, ""2017-2018"": 15, ""2021-2023"": 15}",33.12533333333333,32.84,30.595,35.849999999999994,1.9047619047619049,88.15238095238095,79.0,63.5,103.5,1.9047619047619049,121.4095238095238,122.0,112.0,134.5,1.9047619047619049,67.18095238095238,67.0,60.0,73.5,1.9047619047619049,52.42857142857143,52.0,51.0,54.0,0.0,105.22380952380952,104.6,100.4,108.5,5.714285714285714
core6_all_equal,16,K16-C15,15,1.0901162790697674,"{""2009-2010"": 4, ""2011-2012"": 1, ""2013-2014"": 2, ""2015-2016"": 2, ""2017-2018"": 2, ""2021-2023"": 4}",29.540666666666667,28.72,27.4,32.27,0.0,566.3333333333334,511.0,487.5,600.5,0.0,123.0,,,,100.0,43.06666666666666,41.0,35.5,46.0,0.0,52.733333333333334,53.0,49.5,55.5,0.0,104.24333333333333,104.19999999999999,98.475,110.15,6.666666666666667
core6_all_equal,17,K17-C03,128,9.30232558139535,"{""2009-2010"": 14, ""2011-2012"": 19, ""2013-2014"": 20, ""2015-2016"": 21, ""2017-2018"": 30, ""2021-2023"": 24}",24.026171875000003,23.7,22.0,26.424999999999997,0.0,95.859375,89.0,70.0,112.0,9.375,123.3671875,123.5,111.0,135.0,9.375,57.328125,57.0,51.0,63.0,7.03125,56.0390625,56.0,54.0,58.0,0.0,85.387109375,84.9,80.2,90.4,0.78125
core6_all_equal,17,K17-C15,74,5.377906976744186,"{""2009-2010"": 11, ""2011-2012"": 13, ""2013-2014"": 11, ""2015-2016"": 14, ""2017-2018"": 12, ""2021-2023"": 13}",41.472972972972975,41.2,38.925,42.885,0.0,137.4189189189189,121.0,94.0,173.0,2.7027027027027026,125.8108108108108,125.5,109.0,141.5,2.7027027027027026,46.78378378378378,47.0,41.5,51.0,2.7027027027027026,48.32432432432432,48.0,46.25,50.0,0.0,122.71621621621622,122.05000000000001,117.0,129.025,2.7027027027027026
core6_all_equal,17,K17-C06,109,7.921511627906977,"{""2009-2010"": 17, ""2011-2012"": 16, ""2013-2014"": 17, ""2015-2016"": 10, ""2017-2018"": 16, ""2021-2023"": 33}",31.214311926605504,31.2,28.77,33.25,1.834862385321101,88.44036697247708,83.0,63.75,102.5,8.256880733944955,125.0,122.0,113.0,136.0,8.256880733944955,68.22935779816514,68.0,62.0,75.0,7.339449541284404,58.24770642201835,59.0,57.0,60.0,0.0,103.13761467889908,102.1,99.15,106.1,1.834862385321101
core6_all_equal,17,K17-C14,60,4.3604651162790695,"{""2009-2010"": 10, ""2011-2012"": 7, ""2013-2014"": 14, ""2015-2016"": 8, ""2017-2018"": 7, ""2021-2023"": 14}",32.175333333333334,31.305,28.025,35.875,3.3333333333333335,316.4666666666667,310.0,282.75,351.5,0.0,108.91666666666667,108.0,81.5,125.5,8.333333333333332,43.13333333333333,41.0,36.75,48.0,0.0,55.13333333333333,55.5,53.0,57.25,0.0,107.90083333333334,106.2,100.25,114.95,1.6666666666666667
core6_all_equal,17,K17-C05,99,7.194767441860465,"{""2009-2010"": 13, ""2011-2012"": 18, ""2013-2014"": 14, ""2015-2016"": 12, ""2017-2018"": 18, ""2021-2023"": 24}",25.328989898989896,25.0,23.4,27.575000000000003,1.0101010101010102,109.03030303030303,105.0,79.0,131.5,0.0,171.95959595959596,166.0,159.0,184.0,0.0,63.161616161616166,64.0,56.0,69.5,0.0,57.18181818181818,58.0,55.0,59.0,0.0,88.92070707070707,89.8,82.225,94.7,1.0101010101010102
core6_all_equal,17,K17-C01,88,6.395348837209303,"{""2009-2010"": 18, ""2011-2012"": 12, ""2013-2014"": 11, ""2015-2016"": 20, ""2017-2018"": 14, ""2021-2023"": 13}",23.616704545454546,22.8,20.3,25.77,1.1363636363636365,72.80681818181819,63.0,51.0,89.0,3.4090909090909087,116.51136363636364,114.0,95.0,136.0,3.4090909090909087,97.18181818181819,94.0,87.0,103.25,0.0,55.48863636363637,56.0,54.0,58.0,0.0,85.54545454545455,84.05,77.6,91.35000000000001,2.272727272727273
core6_all_equal,17,K17-C07,76,5.523255813953488,"{""2009-2010"": 14, ""2011-2012"": 13, ""2013-2014"": 14, ""2015-2016"": 15, ""2017-2018"": 15, ""2021-2023"": 5}",27.637894736842107,27.85,25.875,29.45,0.0,133.05263157894737,116.0,93.0,170.0,3.9473684210526314,157.93421052631578,159.0,146.0,174.0,3.9473684210526314,51.0921052631579,51.0,47.0,56.0,3.9473684210526314,49.21052631578947,49.5,47.75,51.0,0.0,94.48289473684211,94.7,90.1,99.92500000000001,0.0
core6_all_equal,17,K17-C11,117,8.502906976744185,"{""2009-2010"": 26, ""2011-2012"": 14, ""2013-2014"": 16, ""2015-2016"": 31, ""2017-2018"": 16, ""2021-2023"": 14}",30.731538461538463,30.5,28.2275,33.1325,0.8547008547008548,172.991452991453,171.0,142.0,202.0,0.0,140.4957264957265,141.0,127.0,155.0,0.0,46.059829059829056,47.0,41.0,51.0,0.0,57.205128205128204,58.0,55.0,59.0,0.0,102.59700854700854,103.05,98.175,108.175,0.8547008547008548
core6_all_equal,17,K17-C08,105,7.630813953488372,"{""2009-2010"": 17, ""2011-2012"": 14, ""2013-2014"": 24, ""2015-2016"": 18, ""2017-2018"": 12, ""2021-2023"": 20}",32.66142857142857,32.4,30.45,35.05,1.9047619047619049,88.04761904761904,78.5,63.0,105.5,2.857142857142857,118.93333333333334,120.0,107.25,133.75,2.857142857142857,65.29523809523809,64.0,57.25,72.0,2.857142857142857,51.55238095238095,52.0,50.0,53.0,0.0,104.68904761904761,104.2,99.6,108.675,4.761904761904762
core6_all_equal,17,K17-C02,73,5.305232558139535,"{""2009-2010"": 17, ""2011-2012"": 7, ""2013-2014"": 15, ""2015-2016"": 13, ""2017-2018"": 10, ""2021-2023"": 11}",22.65808219178082,22.45,20.375,24.802500000000002,1.36986301369863,73.98630136986301,72.0,59.0,87.0,0.0,118.08219178082192,118.0,106.0,133.0,0.0,72.61643835616438,73.0,64.0,79.0,0.0,49.013698630136986,49.0,47.0,51.0,0.0,81.82397260273973,81.9,76.15,86.075,1.36986301369863
core6_all_equal,17,K17-C12,94,6.831395348837209,"{""2009-2010"": 11, ""2011-2012"": 9, ""2013-2014"": 16, ""2015-2016"": 13, ""2017-2018"": 18, ""2021-2023"": 27}",37.94212765957447,37.95,35.01,40.55,0.0,125.46808510638297,114.5,92.5,155.0,0.0,87.09574468085106,87.5,78.0,99.0,0.0,49.191489361702125,48.0,43.0,54.0,0.0,57.329787234042556,58.0,55.0,60.0,0.0,116.4404255319149,116.69999999999999,110.5,123.175,4.25531914893617
core6_all_equal,17,K17-C13,94,6.831395348837209,"{""2009-2010"": 17, ""2011-2012"": 8, ""2013-2014"": 12, ""2015-2016"": 17, ""2017-2018"": 22, ""2021-2023"": 18}",40.32446808510638,40.215,37.425,42.8,0.0,124.53191489361703,116.0,93.5,142.0,3.1914893617021276,142.1595744680851,140.0,130.0,155.0,3.1914893617021276,56.68085106382979,56.0,48.0,64.25,2.127659574468085,56.276595744680854,56.0,54.0,58.0,0.0,120.32978723404256,119.55,115.0,125.075,2.127659574468085
core6_all_equal,17,K17-C17,46,3.343023255813953,"{""2009-2010"": 4, ""2011-2012"": 5, ""2013-2014"": 13, ""2015-2016"": 8, ""2017-2018"": 9, ""2021-2023"": 7}",53.50978260869566,51.95,49.2,56.4125,0.0,106.80434782608695,101.0,67.0,119.0,2.1739130434782608,103.80434782608695,103.0,87.0,116.0,2.1739130434782608,54.80434782608695,52.0,43.0,61.0,2.1739130434782608,54.93478260869565,55.0,53.0,57.0,0.0,141.02065217391305,140.2,134.7,149.0,2.1739130434782608
core6_all_equal,17,K17-C04,79,5.741279069767442,"{""2009-2010"": 8, ""2011-2012"": 8, ""2013-2014"": 16, ""2015-2016"": 18, ""2017-2018"": 11, ""2021-2023"": 18}",25.28708860759494,25.5,23.2,27.35,0.0,87.25316455696203,80.0,57.5,110.5,0.0,78.0886075949367,79.0,68.0,91.5,0.0,64.39240506329114,64.0,55.0,73.5,0.0,57.962025316455694,59.0,57.0,60.0,0.0,89.2012658227848,90.0,84.4,94.0,0.0
core6_all_equal,17,K17-C09,81,5.886627906976744,"{""2009-2010"": 15, ""2011-2012"": 19, ""2013-2014"": 16, ""2015-2016"": 4, ""2017-2018"": 12, ""2021-2023"": 15}",30.889876543209876,30.884999999999998,27.8,33.824999999999996,1.2345679012345678,126.76543209876543,121.0,97.0,154.0,0.0,87.12345679012346,90.0,78.0,104.0,0.0,46.81481481481481,46.0,40.0,53.0,0.0,50.19753086419753,50.0,48.0,52.0,0.0,100.82037037037037,100.05,93.525,106.975,3.7037037037037033
core6_all_equal,17,K17-C10,39,2.8343023255813953,"{""2009-2010"": 6, ""2011-2012"": 7, ""2013-2014"": 6, ""2015-2016"": 5, ""2017-2018"": 10, ""2021-2023"": 5}",30.584102564102565,30.2,27.450000000000003,33.599999999999994,0.0,191.5897435897436,184.0,159.5,225.5,0.0,219.4871794871795,208.0,192.5,221.5,0.0,48.743589743589745,49.0,43.5,53.5,0.0,55.35897435897436,55.0,53.0,58.0,0.0,103.7448717948718,102.9,97.975,112.375,2.564102564102564
core6_all_equal,17,K17-C16,14,1.0174418604651163,"{""2009-2010"": 4, ""2011-2012"": 1, ""2013-2014"": 1, ""2015-2016"": 2, ""2017-2018"": 2, ""2021-2023"": 4}",29.479285714285716,28.66,27.2,32.735,0.0,576.0,517.5,491.0,626.25,0.0,123.0,,,,100.0,44.5,42.0,36.25,47.0,0.0,52.714285714285715,53.5,49.25,55.75,0.0,104.175,103.3,97.6,111.0,7.142857142857142
core6_all_equal,18,K18-C17,44,3.1976744186046515,"{""2009-2010"": 3, ""2011-2012"": 5, ""2013-2014"": 12, ""2015-2016"": 8, ""2017-2018"": 9, ""2021-2023"": 7}",53.662045454545456,51.95,49.4,56.6625,0.0,99.5,101.0,64.5,114.0,2.272727272727273,104.97727272727272,104.0,87.5,116.0,2.272727272727273,55.56818181818182,52.0,45.0,61.0,2.272727272727273,54.86363636363637,55.0,52.75,57.0,0.0,141.07386363636363,142.6,134.45,149.15,2.272727272727273
core6_all_equal,18,K18-C05,115,8.357558139534884,"{""2009-2010"": 16, ""2011-2012"": 20, ""2013-2014"": 17, ""2015-2016"": 15, ""2017-2018"": 19, ""2021-2023"": 28}",29.79408695652174,29.45,27.5,32.4,1.7391304347826086,82.70434782608696,80.0,59.5,100.5,0.0,137.34782608695653,136.0,122.0,152.5,0.0,73.34782608695652,72.0,67.0,78.5,0.0,56.686956521739134,57.0,55.0,59.0,0.0,99.08652173913043,99.55,94.85,103.85000000000001,4.3478260869565215
core6_all_equal,18,K18-C13,88,6.395348837209303,"{""2009-2010"": 13, ""2011-2012"": 8, ""2013-2014"": 12, ""2015-2016"": 11, ""2017-2018"": 19, ""2021-2023"": 25}",37.62352272727273,37.8,34.625,40.087500000000006,0.0,110.60227272727272,104.0,80.0,136.5,0.0,83.43181818181819,86.5,74.75,96.25,0.0,50.76136363636363,49.0,44.0,57.0,0.0,57.17045454545455,57.0,55.0,60.0,0.0,115.52784090909091,116.1,109.75,122.44999999999999,5.681818181818182
core6_all_equal,18,K18-C06,99,7.194767441860465,"{""2009-2010"": 17, ""2011-2012"": 12, ""2013-2014"": 19, ""2015-2016"": 16, ""2017-2018"": 14, ""2021-2023"": 21}",26.87909090909091,26.94,24.799999999999997,28.55,0.0,95.94949494949495,89.0,70.5,119.5,4.040404040404041,91.26262626262626,94.0,76.5,106.5,4.040404040404041,55.505050505050505,55.0,50.0,61.0,4.040404040404041,57.5959595959596,58.0,56.0,60.0,0.0,93.04848484848485,92.7,89.6,97.15,0.0
core6_all_equal,18,K18-C11,103,7.4854651162790695,"{""2009-2010"": 20, ""2011-2012"": 14, ""2013-2014"": 17, ""2015-2016"": 13, ""2017-2018"": 20, ""2021-2023"": 19}",30.461747572815533,30.34,28.3,32.324999999999996,2.912621359223301,162.88349514563106,166.0,133.5,199.0,3.8834951456310676,120.1747572815534,122.0,104.5,136.5,3.8834951456310676,46.68932038834951,47.0,39.0,52.5,3.8834951456310676,52.57281553398058,53.0,51.0,54.0,0.0,101.80631067961166,101.45,97.65,106.125,2.912621359223301
core6_all_equal,18,K18-C12,40,2.9069767441860463,"{""2009-2010"": 11, ""2011-2012"": 5, ""2013-2014"": 8, ""2015-2016"": 5, ""2017-2018"": 4, ""2021-2023"": 7}",28.6955,28.05,26.25,31.122500000000002,0.0,384.225,360.5,314.25,433.75,0.0,114.80000000000001,110.0,81.0,122.0,37.5,44.55,43.0,38.0,47.25,0.0,55.275,56.0,53.0,58.0,0.0,99.80875,100.8,93.95,105.75,2.5
core6_all_equal,18,K18-C02,98,7.122093023255814,"{""2009-2010"": 16, ""2011-2012"": 12, ""2013-2014"": 17, ""2015-2016"": 22, ""2017-2018"": 12, ""2021-2023"": 19}",22.053265306122448,21.955,20.225,23.6,0.0,76.1938775510204,71.0,52.0,92.0,1.0204081632653061,102.68367346938776,104.0,89.0,119.0,1.0204081632653061,74.79591836734693,75.0,68.0,81.75,0.0,56.142857142857146,56.0,55.0,58.0,0.0,81.70051020408164,81.4,76.9,86.6,1.0204081632653061
core6_all_equal,18,K18-C04,86,6.25,"{""2009-2010"": 15, ""2011-2012"": 11, ""2013-2014"": 15, ""2015-2016"": 15, ""2017-2018"": 12, ""2021-2023"": 18}",24.143720930232558,24.5,22.4,26.0,1.1627906976744187,81.13953488372093,76.5,63.0,96.5,4.651162790697675,111.52325581395348,116.0,96.5,128.0,4.651162790697675,61.96511627906977,62.0,57.0,70.75,4.651162790697675,48.593023255813954,48.0,47.0,51.0,0.0,85.71976744186047,85.9,80.425,91.10000000000001,2.3255813953488373
core6_all_equal,18,K18-C01,66,4.796511627906977,"{""2009-2010"": 10, ""2011-2012"": 8, ""2013-2014"": 6, ""2015-2016"": 16, ""2017-2018"": 14, ""2021-2023"": 12}",24.23439393939394,23.53,20.6,26.0,1.5151515151515151,70.48484848484847,61.0,50.0,78.5,4.545454545454546,119.8030303030303,117.0,95.0,142.0,4.545454545454546,102.4090909090909,99.0,93.0,108.0,0.0,54.13636363636363,55.0,52.0,57.0,0.0,86.34318181818182,85.0,80.4,91.7,1.5151515151515151
core6_all_equal,18,K18-C09,52,3.77906976744186,"{""2009-2010"": 7, ""2011-2012"": 8, ""2013-2014"": 9, ""2015-2016"": 7, ""2017-2018"": 13, ""2021-2023"": 8}",30.39730769230769,30.45,27.525000000000002,33.425,0.0,179.6346153846154,179.5,130.5,217.5,0.0,208.76923076923077,196.0,188.75,213.25,0.0,49.19230769230769,49.0,43.0,54.0,0.0,56.84615384615385,57.0,55.0,59.0,0.0,102.16826923076923,102.6,94.5,111.35,1.9230769230769231
core6_all_equal,18,K18-C08,81,5.886627906976744,"{""2009-2010"": 14, ""2011-2012"": 17, ""2013-2014"": 17, ""2015-2016"": 15, ""2017-2018"": 8, ""2021-2023"": 10}",34.0820987654321,33.849999999999994,31.55,36.324999999999996,1.2345679012345678,83.96296296296298,75.0,60.75,104.25,1.2345679012345678,104.60493827160494,105.0,88.0,119.25,1.2345679012345678,63.75308641975309,63.0,55.0,72.0,1.2345679012345678,50.39506172839506,51.0,49.0,52.0,0.0,106.89938271604939,106.85,102.25,111.625,3.7037037037037033
core6_all_equal,18,K18-C16,43,3.125,"{""2009-2010"": 8, ""2011-2012"": 4, ""2013-2014"": 12, ""2015-2016"": 5, ""2017-2018"": 3, ""2021-2023"": 11}",38.595813953488374,38.275,35.5,41.495000000000005,2.3255813953488373,268.67441860465124,263.0,228.0,307.5,0.0,99.74418604651163,94.0,76.0,118.0,0.0,41.116279069767444,40.0,35.5,45.0,0.0,55.0,56.0,52.0,57.5,0.0,122.16511627906976,121.8,113.95,129.05,0.0
core6_all_equal,18,K18-C15,77,5.59593023255814,"{""2009-2010"": 11, ""2011-2012"": 11, ""2013-2014"": 12, ""2015-2016"": 15, ""2017-2018"": 14, ""2021-2023"": 14}",40.82077922077922,40.4,37.71,42.6,0.0,128.97402597402598,118.0,92.0,165.5,2.5974025974025974,126.03896103896103,123.0,110.0,142.0,2.5974025974025974,46.0,45.0,40.0,49.5,2.5974025974025974,48.14285714285714,48.0,46.0,50.0,0.0,121.3025974025974,121.3,114.55,127.65,2.5974025974025974
core6_all_equal,18,K18-C07,66,4.796511627906977,"{""2009-2010"": 14, ""2011-2012"": 10, ""2013-2014"": 13, ""2015-2016"": 13, ""2017-2018"": 10, ""2021-2023"": 6}",28.05257575757576,28.2,26.3775,29.775,0.0,138.72727272727272,125.5,99.25,173.75,0.0,170.969696969697,170.0,154.0,183.0,0.0,52.53030303030303,52.0,48.0,59.0,0.0,49.5,50.0,48.0,51.0,0.0,95.49545454545455,96.5,90.8,100.94999999999999,0.0
core6_all_equal,18,K18-C18,4,0.29069767441860467,"{""2013-2014"": 1, ""2017-2018"": 1, ""2021-2023"": 2}",33.0,32.85,29.8,36.05,0.0,767.5,771.0,732.25,806.25,0.0,123.0,,,,100.0,39.5,40.5,31.25,48.75,0.0,51.75,50.5,49.25,53.0,0.0,108.5125,111.0,103.5,119.0,25.0
core6_all_equal,18,K18-C10,106,7.703488372093023,"{""2009-2010"": 20, ""2011-2012"": 17, ""2013-2014"": 15, ""2015-2016"": 19, ""2017-2018"": 12, ""2021-2023"": 23}",31.278584905660377,31.4,29.03,33.425,1.8867924528301887,150.83962264150944,144.5,119.0,179.5,7.547169811320755,136.25471698113208,136.5,123.25,151.0,7.547169811320755,50.32075471698113,49.0,43.25,55.0,7.547169811320755,58.59433962264151,59.0,58.0,60.0,0.0,103.37924528301886,103.2,99.625,108.475,0.0
core6_all_equal,18,K18-C14,92,6.686046511627906,"{""2009-2010"": 14, ""2011-2012"": 8, ""2013-2014"": 14, ""2015-2016"": 19, ""2017-2018"": 21, ""2021-2023"": 16}",40.303695652173914,40.215,37.375,42.8,0.0,118.96739130434783,114.5,91.75,140.0,4.3478260869565215,141.94565217391303,143.5,128.0,155.0,4.3478260869565215,58.46739130434783,57.5,50.0,66.75,2.1739130434782608,56.47826086956522,57.0,54.75,58.25,0.0,120.1608695652174,119.5,115.0,125.15,2.1739130434782608
core6_all_equal,18,K18-C03,116,8.430232558139535,"{""2009-2010"": 13, ""2011-2012"": 20, ""2013-2014"": 20, ""2015-2016"": 15, ""2017-2018"": 29, ""2021-2023"": 19}",23.565000000000005,23.65,21.869999999999997,25.0,0.0,114.01724137931035,108.0,84.5,135.25,3.4482758620689653,155.14655172413794,154.5,141.0,165.25,3.4482758620689653,57.87931034482759,56.0,52.0,65.0,1.7241379310344827,56.76724137931034,57.0,55.0,59.0,0.0,84.6396551724138,84.4,80.375,89.92500000000001,0.0
core6_all_equal,19,K19-C11,42,3.0523255813953485,"{""2009-2010"": 9, ""2011-2012"": 7, ""2013-2014"": 7, ""2015-2016"": 4, ""2017-2018"": 10, ""2021-2023"": 5}",30.372857142857143,29.62,27.2925,33.3,0.0,191.16666666666669,185.0,158.75,225.75,0.0,217.90476190476187,207.5,192.0,221.0,0.0,48.666666666666664,48.5,43.25,52.75,0.0,55.19047619047619,55.0,53.0,58.0,0.0,102.71309523809524,102.6,94.3,111.0,2.380952380952381
core6_all_equal,19,K19-C05,99,7.194767441860465,"{""2009-2010"": 12, ""2011-2012"": 14, ""2013-2014"": 20, ""2015-2016"": 20, ""2017-2018"": 14, ""2021-2023"": 19}",24.90030303030303,24.6,22.810000000000002,26.9,0.0,90.42424242424244,82.5,62.0,108.0,1.0101010101010102,91.11111111111111,92.0,78.0,104.5,1.0101010101010102,60.45454545454545,60.0,54.0,67.5,0.0,58.313131313131315,59.0,57.0,60.0,0.0,88.55252525252526,89.2,84.1,92.9,0.0
core6_all_equal,19,K19-C19,45,3.2703488372093026,"{""2009-2010"": 3, ""2011-2012"": 4, ""2013-2014"": 12, ""2015-2016"": 10, ""2017-2018"": 9, ""2021-2023"": 7}",53.745111111111115,52.2,49.5,56.65,0.0,100.82222222222222,101.0,65.75,117.5,2.2222222222222223,106.71111111111111,104.0,88.75,119.75,2.2222222222222223,55.51111111111111,53.0,45.0,61.0,2.2222222222222223,54.48888888888889,54.0,52.0,57.0,0.0,141.4588888888889,143.05,134.575,149.425,2.2222222222222223
core6_all_equal,19,K19-C16,89,6.468023255813954,"{""2009-2010"": 13, ""2011-2012"": 17, ""2013-2014"": 14, ""2015-2016"": 14, ""2017-2018"": 16, ""2021-2023"": 15}",39.79483146067416,39.7,36.5,42.3,0.0,126.46067415730337,118.0,89.5,164.5,3.3707865168539324,123.42696629213484,122.0,108.25,140.75,3.3707865168539324,46.9438202247191,47.0,40.0,51.0,3.3707865168539324,48.10112359550562,48.0,46.0,50.0,0.0,118.68089887640448,119.1,112.45,123.75,2.247191011235955
core6_all_equal,19,K19-C13,44,3.1976744186046515,"{""2009-2010"": 10, ""2011-2012"": 7, ""2013-2014"": 9, ""2015-2016"": 6, ""2017-2018"": 4, ""2021-2023"": 8}",29.936363636363637,29.9,26.799999999999997,32.85,2.272727272727273,334.06818181818176,322.5,294.25,366.5,0.0,113.22727272727273,111.0,82.0,134.0,15.909090909090908,41.20454545454545,40.0,35.75,46.25,0.0,54.18181818181818,55.0,52.0,57.0,0.0,101.88295454545455,102.9,95.75,106.75,2.272727272727273
core6_all_equal,19,K19-C07,116,8.430232558139535,"{""2009-2010"": 13, ""2011-2012"": 16, ""2013-2014"": 19, ""2015-2016"": 15, ""2017-2018"": 17, ""2021-2023"": 36}",30.91387931034483,30.6,28.7,32.8,2.586206896551724,95.46551724137932,91.0,74.25,114.0,12.068965517241379,131.33620689655172,125.5,119.0,147.75,12.068965517241379,62.560344827586206,64.0,58.0,69.0,11.206896551724139,58.13793103448276,58.5,57.0,60.0,0.0,102.34741379310344,101.5,98.92500000000001,105.4,1.7241379310344827
core6_all_equal,19,K19-C06,74,5.377906976744186,"{""2009-2010"": 15, ""2011-2012"": 12, ""2013-2014"": 12, ""2015-2016"": 12, ""2017-2018"": 11, ""2021-2023"": 12}",24.98351351351351,24.9,22.6,27.7,1.3513513513513513,81.17567567567566,76.0,62.0,95.5,4.054054054054054,126.60810810810811,128.0,112.0,143.0,4.054054054054054,61.13513513513514,61.0,54.0,68.0,4.054054054054054,47.31081081081081,47.0,46.0,48.0,0.0,87.80472972972973,87.9,82.3,94.2,1.3513513513513513
core6_all_equal,19,K19-C14,79,5.741279069767442,"{""2009-2010"": 9, ""2011-2012"": 7, ""2013-2014"": 13, ""2015-2016"": 11, ""2017-2018"": 17, ""2021-2023"": 22}",38.22177215189873,38.2,35.1,40.5,0.0,109.9873417721519,104.0,80.0,137.0,0.0,86.03797468354429,87.0,78.0,98.0,0.0,50.79746835443038,49.0,44.5,57.0,0.0,57.43037974683544,58.0,55.0,60.0,0.0,116.77341772151898,117.0,111.2,123.65,5.063291139240507
core6_all_equal,19,K19-C08,107,7.776162790697675,"{""2009-2010"": 18, ""2011-2012"": 19, ""2013-2014"": 17, ""2015-2016"": 21, ""2017-2018"": 19, ""2021-2023"": 13}",29.160841121495327,29.11,27.6,30.98,1.8691588785046727,133.14018691588785,129.0,99.5,171.0,3.7383177570093453,153.7570093457944,153.0,141.0,168.0,3.7383177570093453,54.41121495327103,54.0,50.0,60.0,3.7383177570093453,52.08411214953271,52.0,51.0,54.0,0.0,98.27289719626168,99.4,93.85,102.8,3.7383177570093453
core6_all_equal,19,K19-C10,85,6.1773255813953485,"{""2009-2010"": 19, ""2011-2012"": 13, ""2013-2014"": 14, ""2015-2016"": 5, ""2017-2018"": 14, ""2021-2023"": 20}",29.41458823529412,29.0,27.4,31.8,2.3529411764705883,129.54117647058823,126.0,99.0,156.0,0.0,88.4,94.0,76.0,106.0,0.0,47.24705882352941,48.0,42.0,53.0,0.0,51.98823529411764,52.0,50.0,54.0,0.0,98.79764705882353,98.8,93.0,105.8,4.705882352941177
core6_all_equal,19,K19-C12,85,6.1773255813953485,"{""2009-2010"": 19, ""2011-2012"": 9, ""2013-2014"": 11, ""2015-2016"": 21, ""2017-2018"": 13, ""2021-2023"": 12}",31.309176470588234,31.4,28.7,34.324999999999996,1.1764705882352942,192.83529411764704,193.0,162.0,219.0,0.0,132.9294117647059,132.0,120.0,147.0,0.0,43.95294117647059,43.0,40.0,48.0,0.0,58.01176470588236,59.0,57.0,60.0,0.0,104.14823529411764,104.5,100.0,109.1,0.0
core6_all_equal,19,K19-C04,102,7.412790697674419,"{""2009-2010"": 10, ""2011-2012"": 21, ""2013-2014"": 17, ""2015-2016"": 13, ""2017-2018"": 22, ""2021-2023"": 19}",24.15401960784314,24.3,22.22,26.0,0.0,119.5,115.5,89.25,140.0,0.0,162.86274509803923,161.0,146.25,173.0,0.0,57.35294117647059,56.0,52.0,65.0,0.0,57.34313725490196,57.0,56.0,59.0,0.0,85.90098039215687,85.25,80.525,92.1,0.0
core6_all_equal,19,K19-C17,12,0.872093023255814,"{""2009-2010"": 3, ""2011-2012"": 1, ""2013-2014"": 1, ""2015-2016"": 1, ""2017-2018"": 2, ""2021-2023"": 4}",30.2,29.46,27.9,33.385000000000005,0.0,596.4166666666666,529.5,499.25,678.75,0.0,123.0,,,,100.0,45.333333333333336,42.0,36.5,48.75,0.0,53.0,53.5,49.75,55.75,0.0,105.82916666666667,105.1,101.3,112.6,8.333333333333332
core6_all_equal,19,K19-C01,35,2.5436046511627906,"{""2009-2010"": 2, ""2011-2012"": 5, ""2013-2014"": 3, ""2015-2016"": 11, ""2017-2018"": 7, ""2021-2023"": 7}",23.825714285714287,22.700000000000003,20.4,25.849999999999998,2.857142857142857,69.4,59.0,50.0,74.0,5.714285714285714,106.48571428571428,96.0,87.0,123.0,5.714285714285714,110.88571428571429,108.0,100.0,121.0,0.0,54.22857142857143,55.0,51.5,57.0,0.0,87.49,85.8,80.725,93.5,2.857142857142857
core6_all_equal,19,K19-C15,93,6.758720930232558,"{""2009-2010"": 15, ""2011-2012"": 10, ""2013-2014"": 12, ""2015-2016"": 16, ""2017-2018"": 22, ""2021-2023"": 18}",40.02225806451613,40.2,37.2,42.4,0.0,124.01075268817205,117.0,94.5,141.5,3.225806451612903,142.25806451612902,141.0,130.0,155.0,3.225806451612903,56.365591397849464,56.0,48.0,63.5,2.1505376344086025,56.18279569892473,56.0,54.0,58.0,0.0,120.06612903225806,118.8,114.825,124.85,1.0752688172043012
core6_all_equal,19,K19-C09,72,5.232558139534884,"{""2009-2010"": 11, ""2011-2012"": 8, ""2013-2014"": 19, ""2015-2016"": 19, ""2017-2018"": 8, ""2021-2023"": 7}",34.522222222222226,34.4,32.0,36.525,0.0,78.18055555555554,71.0,57.75,92.0,0.0,110.77777777777779,114.0,95.75,123.75,0.0,72.38888888888889,72.0,64.0,78.25,0.0,52.375,52.0,51.0,54.0,0.0,107.41458333333333,106.8,102.4,111.8,4.166666666666666
core6_all_equal,19,K19-C03,89,6.468023255813954,"{""2009-2010"": 15, ""2011-2012"": 8, ""2013-2014"": 17, ""2015-2016"": 16, ""2017-2018"": 15, ""2021-2023"": 18}",22.673483146067415,22.31,20.3,25.1,0.0,78.1685393258427,73.0,57.0,95.0,4.49438202247191,108.12359550561798,112.0,94.0,122.0,4.49438202247191,72.32584269662921,73.0,64.0,81.0,2.247191011235955,53.06741573033708,53.0,51.0,55.0,0.0,81.8129213483146,81.3,77.2,86.69999999999999,1.1235955056179776
core6_all_equal,19,K19-C18,29,2.1075581395348837,"{""2009-2010"": 6, ""2011-2012"": 3, ""2013-2014"": 9, ""2015-2016"": 1, ""2017-2018"": 2, ""2021-2023"": 8}",40.74758620689655,41.03,38.25,42.1,0.0,266.44827586206895,262.0,221.0,298.0,0.0,95.27586206896552,94.0,75.0,103.0,0.0,42.172413793103445,41.0,37.0,46.0,0.0,55.310344827586206,56.0,52.0,58.0,0.0,126.68275862068965,125.9,120.5,133.2,0.0
core6_all_equal,19,K19-C02,79,5.741279069767442,"{""2009-2010"": 20, ""2011-2012"": 9, ""2013-2014"": 10, ""2015-2016"": 13, ""2017-2018"": 12, ""2021-2023"": 15}",24.617594936708862,24.5,21.8,27.25,0.0,74.24050632911391,71.0,52.25,95.5,1.2658227848101267,138.0506329113924,137.5,122.5,152.5,1.2658227848101267,84.30379746835443,83.0,78.0,90.0,0.0,57.0,58.0,55.5,59.0,0.0,86.93101265822784,86.1,81.125,93.2,1.2658227848101267
core6_all_equal,20,K20-C10,60,4.3604651162790695,"{""2009-2010"": 6, ""2011-2012"": 11, ""2013-2014"": 4, ""2015-2016"": 16, ""2017-2018"": 9, ""2021-2023"": 14}",36.801,36.349999999999994,33.6,39.15,0.0,85.88333333333333,78.0,61.5,108.0,1.6666666666666667,131.6,130.0,120.5,147.5,1.6666666666666667,74.51666666666667,73.0,68.75,78.0,0.0,57.1,58.0,55.0,59.0,0.0,113.6075,113.6,108.05,120.15,1.6666666666666667
core6_all_equal,20,K20-C06,66,4.796511627906977,"{""2009-2010"": 12, ""2011-2012"": 12, ""2013-2014"": 12, ""2015-2016"": 12, ""2017-2018"": 13, ""2021-2023"": 5}",26.785454545454545,26.950000000000003,24.725,28.6775,0.0,110.36363636363637,102.5,78.5,132.75,0.0,166.28787878787878,164.0,150.0,179.0,0.0,55.04545454545455,55.5,50.0,60.0,0.0,49.92424242424242,50.0,48.0,52.0,0.0,91.66515151515152,90.9,86.475,97.175,0.0
core6_all_equal,20,K20-C11,89,6.468023255813954,"{""2009-2010"": 15, ""2011-2012"": 21, ""2013-2014"": 16, ""2015-2016"": 5, ""2017-2018"": 11, ""2021-2023"": 21}",30.81393258426966,30.75,27.875,33.65,1.1235955056179776,115.52808988764045,113.0,80.0,142.0,4.49438202247191,92.02247191011236,92.0,79.0,107.0,4.49438202247191,48.38202247191011,48.0,41.0,54.0,4.49438202247191,49.58426966292135,50.0,48.0,51.0,0.0,100.51966292134831,99.75,93.525,106.975,3.3707865168539324
core6_all_equal,20,K20-C02,72,5.232558139534884,"{""2009-2010"": 8, ""2011-2012"": 10, ""2013-2014"": 11, ""2015-2016"": 19, ""2017-2018"": 11, ""2021-2023"": 13}",23.981944444444444,23.75,21.65,26.225,0.0,75.09722222222223,66.0,49.0,92.25,0.0,86.16666666666669,89.0,71.5,101.0,0.0,80.54166666666667,80.0,73.75,87.0,0.0,57.125,57.0,56.0,59.0,0.0,85.8861111111111,86.4,78.825,92.77499999999999,0.0
core6_all_equal,20,K20-C17,23,1.6715116279069766,"{""2009-2010"": 6, ""2011-2012"": 2, ""2013-2014"": 3, ""2015-2016"": 3, ""2017-2018"": 4, ""2021-2023"": 5}",29.8,28.72,26.55,33.150000000000006,0.0,508.52173913043475,484.0,415.0,529.5,0.0,122.1304347826087,109.5,98.25,129.25,82.6086956521739,44.43478260869565,41.0,35.5,48.0,0.0,53.78260869565217,54.0,51.5,57.0,0.0,103.67608695652174,102.4,98.07499999999999,110.15,4.3478260869565215
core6_all_equal,20,K20-C09,107,7.776162790697675,"{""2009-2010"": 18, ""2011-2012"": 11, ""2013-2014"": 23, ""2015-2016"": 19, ""2017-2018"": 19, ""2021-2023"": 17}",31.92841121495327,31.65,29.2625,34.575,2.803738317757009,90.5981308411215,83.0,65.0,107.0,3.7383177570093453,118.86915887850468,121.0,108.5,130.0,3.7383177570093453,64.95327102803738,64.0,58.0,71.5,3.7383177570093453,52.598130841121495,53.0,51.0,54.0,0.0,102.58644859813084,102.80000000000001,98.75,106.9,6.5420560747663545
core6_all_equal,20,K20-C13,78,5.6686046511627906,"{""2009-2010"": 18, ""2011-2012"": 8, ""2013-2014"": 14, ""2015-2016"": 16, ""2017-2018"": 9, ""2021-2023"": 13}",29.92628205128205,29.9,27.5,32.6,1.282051282051282,236.35897435897436,234.0,196.0,269.25,0.0,116.67948717948718,118.5,103.25,133.0,0.0,44.192307692307686,44.0,39.25,48.0,0.0,57.47435897435898,58.0,56.0,59.0,0.0,101.75897435897436,103.95,97.55,107.675,0.0
core6_all_equal,20,K20-C08,106,7.703488372093023,"{""2009-2010"": 19, ""2011-2012"": 11, ""2013-2014"": 19, ""2015-2016"": 15, ""2017-2018"": 10, ""2021-2023"": 32}",28.947735849056603,28.85,26.985,30.974999999999998,1.8867924528301887,100.25471698113208,93.0,77.5,126.0,10.377358490566039,100.71698113207547,100.0,82.0,113.5,10.377358490566039,55.16981132075472,55.0,49.5,61.5,10.377358490566039,58.43396226415094,59.0,57.0,60.0,0.0,97.75990566037736,98.9,93.1,102.2,0.9433962264150944
core6_all_equal,20,K20-C19,29,2.1075581395348837,"{""2009-2010"": 4, ""2011-2012"": 4, ""2013-2014"": 9, ""2015-2016"": 2, ""2017-2018"": 1, ""2021-2023"": 9}",40.59655172413793,41.2,37.6,42.4,0.0,277.0,277.0,235.0,322.0,0.0,93.6896551724138,88.0,76.0,103.0,0.0,41.103448275862064,40.0,35.0,45.0,0.0,54.310344827586206,55.0,52.0,57.0,0.0,126.16379310344827,126.2,121.475,133.27499999999998,3.4482758620689653
core6_all_equal,20,K20-C03,80,5.813953488372093,"{""2009-2010"": 12, ""2011-2012"": 10, ""2013-2014"": 13, ""2015-2016"": 12, ""2017-2018"": 11, ""2021-2023"": 22}",24.112,24.3,21.8,26.5,0.0,81.32499999999999,79.0,62.0,98.5,1.25,152.8,151.0,136.0,162.0,1.25,76.94999999999999,75.0,71.75,81.25,0.0,57.6125,58.0,56.0,59.0,0.0,85.821875,84.9,80.6,91.5,1.25
core6_all_equal,20,K20-C18,69,5.0145348837209305,"{""2009-2010"": 13, ""2011-2012"": 11, ""2013-2014"": 9, ""2015-2016"": 12, ""2017-2018"": 11, ""2021-2023"": 13}",41.653333333333336,41.2,38.9,43.3,0.0,112.43478260869566,112.0,83.5,132.0,2.898550724637681,125.3768115942029,127.0,109.0,141.0,2.898550724637681,49.59420289855072,48.0,44.0,54.0,2.898550724637681,48.63768115942029,49.0,47.0,50.0,0.0,123.4536231884058,122.5,119.1,130.2,2.898550724637681
core6_all_equal,20,K20-C16,74,5.377906976744186,"{""2009-2010"": 14, ""2011-2012"": 8, ""2013-2014"": 10, ""2015-2016"": 8, ""2017-2018"": 20, ""2021-2023"": 14}",38.68432432432432,37.9,35.7,41.0825,0.0,140.94594594594594,139.0,112.0,170.0,1.3513513513513513,149.3918918918919,150.0,135.0,162.0,1.3513513513513513,50.62162162162162,50.0,45.0,55.0,1.3513513513513513,56.851351351351354,57.0,55.0,59.0,0.0,117.38851351351352,116.9,112.4,121.8,1.3513513513513513
core6_all_equal,20,K20-C12,36,2.616279069767442,"{""2009-2010"": 6, ""2011-2012"": 6, ""2013-2014"": 6, ""2015-2016"": 5, ""2017-2018"": 10, ""2021-2023"": 3}",30.365555555555556,30.45,27.525000000000002,33.1,0.0,188.83333333333331,179.5,157.25,219.0,0.0,221.72222222222223,208.5,194.5,224.0,0.0,48.861111111111114,49.0,42.75,54.5,0.0,55.77777777777778,55.0,53.0,59.0,0.0,103.22638888888889,103.0,97.15,111.5,2.7777777777777777
core6_all_equal,20,K20-C15,79,5.741279069767442,"{""2009-2010"": 9, ""2011-2012"": 6, ""2013-2014"": 14, ""2015-2016"": 11, ""2017-2018"": 18, ""2021-2023"": 21}",38.42746835443038,38.55,35.9,40.825,0.0,113.0,108.0,89.5,140.0,0.0,88.30379746835445,89.0,79.0,100.0,0.0,49.24050632911392,48.0,43.0,55.0,0.0,57.24050632911393,57.0,55.0,59.0,0.0,117.29240506329114,117.0,112.9,124.3,5.063291139240507
core6_all_equal,20,K20-C05,89,6.468023255813954,"{""2009-2010"": 12, ""2011-2012"": 11, ""2013-2014"": 15, ""2015-2016"": 14, ""2017-2018"": 19, ""2021-2023"": 18}",22.85438202247191,22.5,21.15,24.6,0.0,88.38202247191012,83.0,65.5,105.5,6.741573033707865,120.12359550561798,118.0,107.5,132.5,6.741573033707865,57.78651685393258,58.0,53.0,63.0,4.49438202247191,55.56179775280899,55.0,54.0,57.0,0.0,82.57808988764046,82.9,78.7,86.35,1.1235955056179776
core6_all_equal,20,K20-C04,61,4.433139534883721,"{""2009-2010"": 15, ""2011-2012"": 6, ""2013-2014"": 11, ""2015-2016"": 12, ""2017-2018"": 10, ""2021-2023"": 7}",22.68327868852459,22.5,20.375,24.8,1.639344262295082,74.44262295081967,74.0,59.0,87.0,0.0,113.45901639344262,116.0,102.0,127.0,0.0,70.9344262295082,72.0,63.0,78.0,0.0,48.52459016393443,48.0,46.0,51.0,0.0,82.45819672131148,81.94999999999999,76.425,86.55000000000001,1.639344262295082
core6_all_equal,20,K20-C07,113,8.212209302325581,"{""2009-2010"": 12, ""2011-2012"": 27, ""2013-2014"": 17, ""2015-2016"": 19, ""2017-2018"": 21, ""2021-2023"": 17}",27.45716814159292,27.55,25.0,29.84,0.8849557522123894,131.8849557522124,127.0,105.0,163.0,0.0,160.24778761061947,157.0,147.0,170.0,0.0,54.76991150442478,54.0,50.0,61.0,0.0,57.230088495575224,57.0,56.0,59.0,0.0,94.39867256637169,94.7,90.15,100.075,0.8849557522123894
core6_all_equal,20,K20-C14,54,3.9244186046511627,"{""2009-2010"": 13, ""2011-2012"": 5, ""2013-2014"": 11, ""2015-2016"": 11, ""2017-2018"": 8, ""2021-2023"": 6}",32.54796296296296,32.68,29.5,35.51,1.8518518518518516,224.03703703703704,207.0,183.0,254.25,0.0,145.7037037037037,146.0,133.25,159.75,0.0,43.96296296296296,42.5,38.25,50.0,0.0,50.64814814814815,51.0,49.0,53.0,0.0,106.79814814814814,106.15,100.725,113.175,0.0
core6_all_equal,20,K20-C01,43,3.125,"{""2009-2010"": 7, ""2011-2012"": 5, ""2013-2014"": 4, ""2015-2016"": 9, ""2017-2018"": 10, ""2021-2023"": 8}",23.85325581395349,23.235,20.5,25.775,2.3255813953488373,73.37209302325581,62.0,50.75,81.5,6.976744186046512,117.25581395348837,116.5,95.0,140.0,6.976744186046512,106.55813953488372,103.0,94.5,119.5,0.0,53.44186046511628,54.0,51.0,55.0,0.0,86.97790697674418,86.4,80.325,93.45,2.3255813953488373
core6_all_equal,20,K20-C20,48,3.488372093023256,"{""2009-2010"": 3, ""2011-2012"": 5, ""2013-2014"": 15, ""2015-2016"": 9, ""2017-2018"": 9, ""2021-2023"": 7}",52.94437500000001,51.3,48.85,55.9375,0.0,99.62500000000001,99.0,67.0,111.0,6.25,106.5625,104.0,88.0,119.0,6.25,55.8125,53.0,45.5,61.75,4.166666666666666,55.229166666666664,55.0,53.0,58.0,0.0,140.54479166666667,140.2,133.64999999999998,149.0,2.083333333333333
