cohort,feature_set,fold,test_cycle,median_bmi,median_triglycerides,median_ldl,median_hdl,median_age,median_waist_circumference,median_smoking_encoded,median_activity_encoded,median_alcohol_encoded,median_total_cholesterol,median_systolic,median_diastolic,median_fasting_insulin,median_crp,median_family_history_diabetes
all_cycles,baseline_9,1,2009-2010,29.8,104.0,123.0,56.0,55.0,100.1,0.0,1.0,1.0,,,,,,
all_cycles,baseline_9,2,2011-2012,29.810000000000002,105.0,122.0,56.0,55.0,100.1,0.0,1.0,1.0,,,,,,
all_cycles,baseline_9,3,2013-2014,29.7,105.5,124.0,56.0,55.0,100.1,0.0,1.0,1.0,,,,,,
all_cycles,baseline_9,4,2015-2016,29.63,108.0,122.0,56.0,55.0,100.1,0.0,1.0,1.0,,,,,,
all_cycles,baseline_9,5,2017-2018,29.8,107.0,122.0,56.0,55.0,100.0,0.0,1.0,1.0,,,,,,
all_cycles,baseline_9,6,2021-2023,29.6,106.0,123.0,56.0,55.0,99.8,0.0,1.0,1.0,,,,,,
all_cycles,expanded_all_15,1,2009-2010,29.8,104.0,123.0,56.0,55.0,100.1,0.0,1.0,1.0,206.0,122.0,73.0,10.42,2.935,1.0
all_cycles,expanded_all_15,2,2011-2012,29.810000000000002,105.0,122.0,56.0,55.0,100.1,0.0,1.0,1.0,206.0,122.0,72.0,10.42,2.935,1.0
all_cycles,expanded_all_15,3,2013-2014,29.7,105.5,124.0,56.0,55.0,100.1,0.0,1.0,1.0,208.0,123.0,74.0,10.434999999999999,2.935,1.0
all_cycles,expanded_all_15,4,2015-2016,29.63,108.0,122.0,56.0,55.0,100.1,0.0,1.0,1.0,207.0,122.0,74.0,10.49,2.88,1.0
all_cycles,expanded_all_15,5,2017-2018,29.8,107.0,122.0,56.0,55.0,100.0,0.0,1.0,1.0,206.0,122.0,72.0,10.26,2.8449999999999998,0.0
all_cycles,expanded_all_15,6,2021-2023,29.6,106.0,123.0,56.0,55.0,99.8,0.0,1.0,1.0,208.0,124.0,72.0,10.44,3.16,1.0
all_cycles,expanded_minus_crp,1,2009-2010,29.8,104.0,123.0,56.0,55.0,100.1,0.0,1.0,1.0,206.0,122.0,73.0,10.42,,1.0
all_cycles,expanded_minus_crp,2,2011-2012,29.810000000000002,105.0,122.0,56.0,55.0,100.1,0.0,1.0,1.0,206.0,122.0,72.0,10.42,,1.0
all_cycles,expanded_minus_crp,3,2013-2014,29.7,105.5,124.0,56.0,55.0,100.1,0.0,1.0,1.0,208.0,123.0,74.0,10.434999999999999,,1.0
all_cycles,expanded_minus_crp,4,2015-2016,29.63,108.0,122.0,56.0,55.0,100.1,0.0,1.0,1.0,207.0,122.0,74.0,10.49,,1.0
all_cycles,expanded_minus_crp,5,2017-2018,29.8,107.0,122.0,56.0,55.0,100.0,0.0,1.0,1.0,206.0,122.0,72.0,10.26,,0.0
all_cycles,expanded_minus_crp,6,2021-2023,29.6,106.0,123.0,56.0,55.0,99.8,0.0,1.0,1.0,208.0,124.0,72.0,10.44,,1.0
all_cycles,expanded_minus_insulin,1,2009-2010,29.8,104.0,123.0,56.0,55.0,100.1,0.0,1.0,1.0,206.0,122.0,73.0,,2.935,1.0
all_cycles,expanded_minus_insulin,2,2011-2012,29.810000000000002,105.0,122.0,56.0,55.0,100.1,0.0,1.0,1.0,206.0,122.0,72.0,,2.935,1.0
all_cycles,expanded_minus_insulin,3,2013-2014,29.7,105.5,124.0,56.0,55.0,100.1,0.0,1.0,1.0,208.0,123.0,74.0,,2.935,1.0
all_cycles,expanded_minus_insulin,4,2015-2016,29.63,108.0,122.0,56.0,55.0,100.1,0.0,1.0,1.0,207.0,122.0,74.0,,2.88,1.0
all_cycles,expanded_minus_insulin,5,2017-2018,29.8,107.0,122.0,56.0,55.0,100.0,0.0,1.0,1.0,206.0,122.0,72.0,,2.8449999999999998,0.0
all_cycles,expanded_minus_insulin,6,2021-2023,29.6,106.0,123.0,56.0,55.0,99.8,0.0,1.0,1.0,208.0,124.0,72.0,,3.16,1.0
all_cycles,expanded_minus_total_cholesterol,1,2009-2010,29.8,104.0,123.0,56.0,55.0,100.1,0.0,1.0,1.0,,122.0,73.0,10.42,2.935,1.0
all_cycles,expanded_minus_total_cholesterol,2,2011-2012,29.810000000000002,105.0,122.0,56.0,55.0,100.1,0.0,1.0,1.0,,122.0,72.0,10.42,2.935,1.0
all_cycles,expanded_minus_total_cholesterol,3,2013-2014,29.7,105.5,124.0,56.0,55.0,100.1,0.0,1.0,1.0,,123.0,74.0,10.434999999999999,2.935,1.0
all_cycles,expanded_minus_total_cholesterol,4,2015-2016,29.63,108.0,122.0,56.0,55.0,100.1,0.0,1.0,1.0,,122.0,74.0,10.49,2.88,1.0
all_cycles,expanded_minus_total_cholesterol,5,2017-2018,29.8,107.0,122.0,56.0,55.0,100.0,0.0,1.0,1.0,,122.0,72.0,10.26,2.8449999999999998,0.0
all_cycles,expanded_minus_total_cholesterol,6,2021-2023,29.6,106.0,123.0,56.0,55.0,99.8,0.0,1.0,1.0,,124.0,72.0,10.44,3.16,1.0
all_cycles,expanded_minus_bmi,1,2009-2010,,104.0,123.0,56.0,55.0,100.1,0.0,1.0,1.0,206.0,122.0,73.0,10.42,2.935,1.0
all_cycles,expanded_minus_bmi,2,2011-2012,,105.0,122.0,56.0,55.0,100.1,0.0,1.0,1.0,206.0,122.0,72.0,10.42,2.935,1.0
all_cycles,expanded_minus_bmi,3,2013-2014,,105.5,124.0,56.0,55.0,100.1,0.0,1.0,1.0,208.0,123.0,74.0,10.434999999999999,2.935,1.0
all_cycles,expanded_minus_bmi,4,2015-2016,,108.0,122.0,56.0,55.0,100.1,0.0,1.0,1.0,207.0,122.0,74.0,10.49,2.88,1.0
all_cycles,expanded_minus_bmi,5,2017-2018,,107.0,122.0,56.0,55.0,100.0,0.0,1.0,1.0,206.0,122.0,72.0,10.26,2.8449999999999998,0.0
all_cycles,expanded_minus_bmi,6,2021-2023,,106.0,123.0,56.0,55.0,99.8,0.0,1.0,1.0,208.0,124.0,72.0,10.44,3.16,1.0
all_cycles,expanded_minus_waist,1,2009-2010,29.8,104.0,123.0,56.0,55.0,,0.0,1.0,1.0,206.0,122.0,73.0,10.42,2.935,1.0
all_cycles,expanded_minus_waist,2,2011-2012,29.810000000000002,105.0,122.0,56.0,55.0,,0.0,1.0,1.0,206.0,122.0,72.0,10.42,2.935,1.0
all_cycles,expanded_minus_waist,3,2013-2014,29.7,105.5,124.0,56.0,55.0,,0.0,1.0,1.0,208.0,123.0,74.0,10.434999999999999,2.935,1.0
all_cycles,expanded_minus_waist,4,2015-2016,29.63,108.0,122.0,56.0,55.0,,0.0,1.0,1.0,207.0,122.0,74.0,10.49,2.88,1.0
all_cycles,expanded_minus_waist,5,2017-2018,29.8,107.0,122.0,56.0,55.0,,0.0,1.0,1.0,206.0,122.0,72.0,10.26,2.8449999999999998,0.0
all_cycles,expanded_minus_waist,6,2021-2023,29.6,106.0,123.0,56.0,55.0,,0.0,1.0,1.0,208.0,124.0,72.0,10.44,3.16,1.0
crp_assayed_cycles,expanded_all_15,1,2015-2016,30.1,103.5,124.0,55.0,55.0,101.1,0.0,1.0,1.0,206.0,122.0,75.0,10.52,2.88,1.0
crp_assayed_cycles,expanded_all_15,2,2017-2018,30.1,101.5,122.0,57.0,55.0,101.1,0.0,1.0,1.0,204.0,122.0,74.0,10.25,2.8449999999999998,1.0
crp_assayed_cycles,expanded_all_15,3,2021-2023,29.9,100.0,126.5,55.0,55.0,100.25,0.0,1.0,1.0,209.0,126.0,72.0,10.51,3.16,1.0
crp_assayed_cycles,expanded_minus_crp,1,2015-2016,30.1,103.5,124.0,55.0,55.0,101.1,0.0,1.0,1.0,206.0,122.0,75.0,10.52,,1.0
crp_assayed_cycles,expanded_minus_crp,2,2017-2018,30.1,101.5,122.0,57.0,55.0,101.1,0.0,1.0,1.0,204.0,122.0,74.0,10.25,,1.0
crp_assayed_cycles,expanded_minus_crp,3,2021-2023,29.9,100.0,126.5,55.0,55.0,100.25,0.0,1.0,1.0,209.0,126.0,72.0,10.51,,1.0
