cohort,feature_set,fold,test_cycle,n_train,n_test,test_prevalence,inner_best_auc,best_C,threshold,threshold_strategy,roc_auc,pr_auc,brier,balanced_accuracy,sensitivity,specificity,ppv,npv,f1
all_cycles,baseline_9,1,2009-2010,1154,222,0.527027027027027,0.7388532141078659,0.01,0.4699999999999998,youden,0.710948310948311,0.6966589951845981,0.2168407252495009,0.6708180708180709,0.7606837606837606,0.580952380952381,0.6691729323308271,0.6853932584269663,0.712
all_cycles,baseline_9,2,2011-2012,1186,190,0.5894736842105263,0.7413630104532114,0.1,0.4899999999999998,youden,0.7134844322344323,0.7616077933053569,0.22069870887050994,0.6759386446886446,0.6339285714285714,0.717948717948718,0.7634408602150538,0.5773195876288659,0.6926829268292682
all_cycles,baseline_9,3,2013-2014,1140,236,0.559322033898305,0.7347532702766717,0.01,0.4699999999999998,youden,0.7356497668997669,0.7599992162566414,0.20593593496391485,0.6472902097902098,0.7272727272727273,0.5673076923076923,0.6808510638297872,0.6210526315789474,0.7032967032967034
all_cycles,baseline_9,4,2015-2016,1147,229,0.537117903930131,0.7268663949072572,0.1,0.4799999999999998,youden,0.7876208007363094,0.8015502866286298,0.19127706893874333,0.7258015032980518,0.7723577235772358,0.6792452830188679,0.7364341085271318,0.72,0.753968253968254
all_cycles,baseline_9,5,2017-2018,1142,234,0.5641025641025641,0.733281834087898,0.01,0.4699999999999998,youden,0.7378936423054071,0.7484592817232323,0.21049204425571233,0.6860516934046346,0.7348484848484849,0.6372549019607843,0.7238805970149254,0.65,0.7293233082706766
all_cycles,baseline_9,6,2021-2023,1111,265,0.44528301886792454,0.7365225313422812,0.01,0.40999999999999986,guardrail_nearest_feasible,0.7305430646835005,0.6622701898159611,0.2134400144127371,0.6524558976132826,0.8559322033898306,0.4489795918367347,0.554945054945055,0.7951807228915663,0.6733333333333333
all_cycles,expanded_all_15,1,2009-2010,1154,222,0.527027027027027,0.7544948046331191,0.1,0.4999999999999998,youden,0.7024013024013025,0.7222094399207806,0.22024731982641535,0.6609279609279609,0.6837606837606838,0.638095238095238,0.6779661016949152,0.6442307692307693,0.6808510638297872
all_cycles,expanded_all_15,2,2011-2012,1186,190,0.5894736842105263,0.7578156229629261,3.0,0.4999999999999998,youden,0.6895604395604396,0.7660430816231185,0.2313700250492273,0.6371336996336996,0.5178571428571429,0.7564102564102564,0.7532467532467533,0.5221238938053098,0.6137566137566138
all_cycles,expanded_all_15,3,2013-2014,1140,236,0.559322033898305,0.7422863784171269,0.01,0.4799999999999998,youden,0.7532051282051282,0.7953152276017204,0.2003210499901259,0.6475815850815851,0.6893939393939394,0.6057692307692307,0.6893939393939394,0.6057692307692307,0.6893939393939394
all_cycles,expanded_all_15,4,2015-2016,1147,229,0.537117903930131,0.7374998680258257,0.1,0.4899999999999998,youden,0.804034361098328,0.8168037250442297,0.1821380029278845,0.7568645497775732,0.7967479674796748,0.7169811320754716,0.765625,0.7524752475247525,0.7808764940239042
all_cycles,expanded_all_15,5,2017-2018,1142,234,0.5641025641025641,0.7454883535092168,0.01,0.4799999999999998,youden,0.751114081996435,0.7687176401760085,0.2022199375920739,0.6985294117647058,0.75,0.6470588235294118,0.7333333333333333,0.6666666666666666,0.7415730337078651
all_cycles,expanded_all_15,6,2021-2023,1111,265,0.44528301886792454,0.7462341957724018,0.1,0.4799999999999998,youden,0.7551020408163266,0.7107628123231713,0.20474251483211003,0.7282370575348783,0.7966101694915254,0.6598639455782312,0.6527777777777778,0.8016528925619835,0.7175572519083969
all_cycles,expanded_minus_crp,1,2009-2010,1154,222,0.527027027027027,0.7552210079748658,0.1,0.4899999999999998,youden,0.7021571021571023,0.72198077838784,0.2202934445222494,0.6514041514041514,0.6837606837606838,0.6190476190476191,0.6666666666666666,0.6372549019607843,0.6751054852320675
all_cycles,expanded_minus_crp,2,2011-2012,1186,190,0.5894736842105263,0.7594612138928992,3.0,0.4999999999999998,youden,0.6895604395604396,0.7660430816231185,0.2313679059714791,0.6371336996336996,0.5178571428571429,0.7564102564102564,0.7532467532467533,0.5221238938053098,0.6137566137566138
all_cycles,expanded_minus_crp,3,2013-2014,1140,236,0.559322033898305,0.7425263305454862,0.01,0.4799999999999998,youden,0.7528409090909091,0.7948674546176219,0.20027197503847102,0.6475815850815851,0.6893939393939394,0.6057692307692307,0.6893939393939394,0.6057692307692307,0.6893939393939394
all_cycles,expanded_minus_crp,4,2015-2016,1147,229,0.537117903930131,0.7385895248504443,0.1,0.4899999999999998,youden,0.8038042644577389,0.8149776166366967,0.18207320889327125,0.7521475686454977,0.7967479674796748,0.7075471698113207,0.7596899224806202,0.75,0.7777777777777777
all_cycles,expanded_minus_crp,5,2017-2018,1142,234,0.5641025641025641,0.7451329243382601,0.01,0.4899999999999998,youden,0.750668449197861,0.7685623794151046,0.2021845004614995,0.6920677361853833,0.7272727272727273,0.6568627450980392,0.732824427480916,0.6504854368932039,0.7300380228136881
all_cycles,expanded_minus_crp,6,2021-2023,1111,265,0.44528301886792454,0.7462750665153353,0.1,0.4799999999999998,youden,0.7549867404588955,0.7107917721291926,0.20471330798554588,0.7282370575348783,0.7966101694915254,0.6598639455782312,0.6527777777777778,0.8016528925619835,0.7175572519083969
all_cycles,expanded_minus_insulin,1,2009-2010,1154,222,0.527027027027027,0.7483522262717757,0.01,0.4699999999999998,youden,0.7035409035409035,0.7164772048492092,0.21818123338907783,0.6394383394383394,0.7264957264957265,0.5523809523809524,0.6439393939393939,0.6444444444444445,0.6827309236947792
all_cycles,expanded_minus_insulin,2,2011-2012,1186,190,0.5894736842105263,0.748774584842116,3.0,0.4699999999999998,youden,0.6988324175824175,0.7710817691400704,0.22617531134145374,0.6586538461538461,0.625,0.6923076923076923,0.7446808510638298,0.5625,0.6796116504854368
all_cycles,expanded_minus_insulin,3,2013-2014,1140,236,0.559322033898305,0.7376065481446795,0.01,0.5099999999999998,youden,0.7465763403263403,0.7856150748093327,0.20353227223727924,0.6622960372960374,0.6515151515151515,0.6730769230769231,0.7166666666666667,0.603448275862069,0.6825396825396826
all_cycles,expanded_minus_insulin,4,2015-2016,1147,229,0.537117903930131,0.7315481908690881,0.1,0.4999999999999998,youden,0.802270286853812,0.8114854599392975,0.18334939075116957,0.7562126092959043,0.8048780487804879,0.7075471698113207,0.7615384615384615,0.7575757575757576,0.782608695652174
all_cycles,expanded_minus_insulin,5,2017-2018,1142,234,0.5641025641025641,0.7409919198791264,0.1,0.4799999999999998,youden,0.7396019013666073,0.7599921143078192,0.20378369897600482,0.6773618538324421,0.7272727272727273,0.6274509803921569,0.7164179104477612,0.64,0.7218045112781953
all_cycles,expanded_minus_insulin,6,2021-2023,1111,265,0.44528301886792454,0.7411284978441764,0.1,0.5099999999999998,youden,0.7439179061455089,0.6798183190916431,0.20921639571581868,0.7240574195780007,0.7542372881355932,0.6938775510204082,0.664179104477612,0.7786259541984732,0.7063492063492064
all_cycles,expanded_minus_total_cholesterol,1,2009-2010,1154,222,0.527027027027027,0.7543165901308978,0.1,0.4899999999999998,youden,0.7013431013431013,0.7182757665529659,0.2210104445483018,0.6466422466422467,0.6837606837606838,0.6095238095238096,0.6611570247933884,0.6336633663366337,0.6722689075630253
all_cycles,expanded_minus_total_cholesterol,2,2011-2012,1186,190,0.5894736842105263,0.754109498446102,0.1,0.5299999999999998,youden,0.706959706959707,0.779170917478932,0.22537571199674908,0.6627747252747254,0.5178571428571429,0.8076923076923077,0.7945205479452054,0.5384615384615384,0.6270270270270271
all_cycles,expanded_minus_total_cholesterol,3,2013-2014,1140,236,0.559322033898305,0.7426259654737724,0.01,0.45999999999999985,youden,0.7535693473193472,0.7941055870946014,0.20036989342505443,0.6483100233100233,0.7196969696969697,0.5769230769230769,0.6834532374100719,0.6185567010309279,0.7011070110701108
all_cycles,expanded_minus_total_cholesterol,4,2015-2016,1147,229,0.537117903930131,0.7381175309775473,0.1,0.4999999999999998,youden,0.8009664058904741,0.8141130770331353,0.1829093873887445,0.7541033900905046,0.7723577235772358,0.7358490566037735,0.7723577235772358,0.7358490566037735,0.7723577235772358
all_cycles,expanded_minus_total_cholesterol,5,2017-2018,1142,234,0.5641025641025641,0.745358802789831,0.01,0.4799999999999998,youden,0.7528223410576352,0.76803227314501,0.20188898735153976,0.6936274509803921,0.75,0.6372549019607843,0.7279411764705882,0.6632653061224489,0.7388059701492536
all_cycles,expanded_minus_total_cholesterol,6,2021-2023,1111,265,0.44528301886792454,0.7478533175244776,0.1,0.4699999999999998,youden,0.7543525884930242,0.707849690526956,0.20547352806471422,0.7222702640378185,0.8050847457627118,0.6394557823129252,0.6418918918918919,0.8034188034188035,0.7142857142857143
all_cycles,expanded_minus_bmi,1,2009-2010,1154,222,0.527027027027027,0.7547173889825093,0.1,0.4799999999999998,youden,0.7017501017501018,0.7248368438048652,0.21991555660559522,0.64993894993895,0.7094017094017094,0.5904761904761905,0.6587301587301587,0.6458333333333334,0.6831275720164609
all_cycles,expanded_minus_bmi,2,2011-2012,1186,190,0.5894736842105263,0.7570748911360524,3.0,0.4999999999999998,gmean,0.6923076923076923,0.7680429940356062,0.23038009971256238,0.646062271062271,0.5357142857142857,0.7564102564102564,0.759493670886076,0.5315315315315315,0.6282722513089006
all_cycles,expanded_minus_bmi,3,2013-2014,1140,236,0.559322033898305,0.7437834578156459,0.1,0.4999999999999998,youden,0.7573572261072261,0.8016776787684908,0.1980099915808532,0.6756993006993006,0.6590909090909091,0.6923076923076923,0.7310924369747899,0.6153846153846154,0.6932270916334661
all_cycles,expanded_minus_bmi,4,2015-2016,1147,229,0.537117903930131,0.7380267958439458,0.1,0.4999999999999998,youden,0.80273048013499,0.8128517877371273,0.18172450717309468,0.7487344684767603,0.7804878048780488,0.7169811320754716,0.7619047619047619,0.7378640776699029,0.7710843373493976
all_cycles,expanded_minus_bmi,5,2017-2018,1142,234,0.5641025641025641,0.7458794438118396,0.01,0.4899999999999998,youden,0.7499257278669043,0.7641989996994902,0.20294142262571774,0.6980837789661319,0.7196969696969697,0.6764705882352942,0.7421875,0.6509433962264151,0.7307692307692308
all_cycles,expanded_minus_bmi,6,2021-2023,1111,265,0.44528301886792454,0.7475769715577228,0.1,0.4699999999999998,youden,0.7569468465352243,0.7139142975071668,0.20377822641317064,0.7222702640378185,0.8050847457627118,0.6394557823129252,0.6418918918918919,0.8034188034188035,0.7142857142857143
all_cycles,expanded_minus_waist,1,2009-2010,1154,222,0.527027027027027,0.7529244877395391,0.1,0.44999999999999984,youden,0.7004477004477003,0.7188923782282658,0.2207538741755855,0.6313797313797314,0.7008547008547008,0.5619047619047619,0.640625,0.6276595744680851,0.6693877551020407
all_cycles,expanded_minus_waist,2,2011-2012,1186,190,0.5894736842105263,0.7537019065174532,3.0,0.4699999999999998,youden,0.7028388278388279,0.7766337804964742,0.22696671127689083,0.6561355311355311,0.6071428571428571,0.7051282051282052,0.7472527472527473,0.5555555555555556,0.6699507389162561
all_cycles,expanded_minus_waist,3,2013-2014,1140,236,0.559322033898305,0.7416623879055283,0.01,0.4899999999999998,youden,0.7523310023310024,0.7926073832111443,0.20141040481477224,0.6716200466200466,0.6893939393939394,0.6538461538461539,0.7165354330708661,0.6238532110091743,0.7027027027027026
all_cycles,expanded_minus_waist,4,2015-2016,1147,229,0.537117903930131,0.7367082670097908,0.1,0.5099999999999998,gmean,0.8018867924528302,0.818774017282718,0.1836828797584701,0.7371912870072097,0.7479674796747967,0.7264150943396226,0.7603305785123967,0.7129629629629629,0.7540983606557377
all_cycles,expanded_minus_waist,5,2017-2018,1142,234,0.5641025641025641,0.7441599427809793,0.01,0.4899999999999998,youden,0.7488116458704693,0.7697543285626617,0.20294804406956038,0.6773618538324421,0.7272727272727273,0.6274509803921569,0.7164179104477612,0.64,0.7218045112781953
all_cycles,expanded_minus_waist,6,2021-2023,1111,265,0.44528301886792454,0.7458947803700542,0.1,0.46,guardrail_shift_floor,0.7525077827741267,0.7072961732788773,0.2059130344073263,0.7154675429493831,0.8050847457627118,0.6258503401360545,0.6333333333333333,0.8,0.708955223880597
crp_assayed_cycles,expanded_all_15,1,2015-2016,499,229,0.537117903930131,0.7496610226011309,3.0,0.4999999999999998,youden,0.7940635066728027,0.7961555316775761,0.18485523468585424,0.7487344684767603,0.7804878048780488,0.7169811320754716,0.7619047619047619,0.7378640776699029,0.7710843373493976
crp_assayed_cycles,expanded_all_15,2,2017-2018,494,234,0.5641025641025641,0.7655041838429975,0.01,0.44999999999999984,youden,0.7477718360071302,0.7635737983901971,0.20607257629011755,0.7043226381461676,0.8106060606060606,0.5980392156862745,0.722972972972973,0.7093023255813954,0.7642857142857143
crp_assayed_cycles,expanded_all_15,3,2021-2023,463,265,0.44528301886792454,0.7710431615087012,0.1,0.4799999999999998,youden,0.7541219877781621,0.7030982929216136,0.20283701046056413,0.7164187708981897,0.7457627118644068,0.6870748299319728,0.6567164179104478,0.7709923664122137,0.6984126984126985
crp_assayed_cycles,expanded_minus_crp,1,2015-2016,499,229,0.537117903930131,0.7502546730042814,3.0,0.4699999999999998,youden,0.794140205552999,0.7963029159209531,0.1847779706615198,0.7555606688142353,0.8130081300813008,0.6981132075471698,0.7575757575757576,0.7628865979381443,0.7843137254901961
crp_assayed_cycles,expanded_minus_crp,2,2017-2018,494,234,0.5641025641025641,0.7649961167709809,0.01,0.4999999999999998,youden,0.7492572786690433,0.762380474824619,0.20612499086236852,0.6813725490196079,0.6666666666666666,0.696078431372549,0.7394957983193278,0.6173913043478261,0.701195219123506
crp_assayed_cycles,expanded_minus_crp,3,2021-2023,463,265,0.44528301886792454,0.7710887911901014,0.1,0.4799999999999998,youden,0.7541219877781621,0.7037391653234765,0.2029006854226094,0.7172546984895654,0.7542372881355932,0.6802721088435374,0.6544117647058824,0.7751937984496124,0.7007874015748031
